Slot ID,Zone Rank,Zone ID,Zone,Category,Wave,Priority Tier,Suggested Sourcing Focus,Projected Monthly GMV (GHS),Projected Annual GMV (GHS),Ops Rationale
1,1,5,Central Accra (Circle / Kokomlemle / Adabraka),Supermarkets,1,High,Anchor + essential merchants,24525.0,294300.0,Central Accra: High-frequency anchor category; use for basket building and repeat purchase.
2,1,5,Central Accra (Circle / Kokomlemle / Adabraka),Supermarkets,1,High,Anchor + essential merchants,24525.0,294300.0,Central Accra: High-frequency anchor category; use for basket building and repeat purchase.
3,1,5,Central Accra (Circle / Kokomlemle / Adabraka),Supermarkets,1,High,Anchor + essential merchants,24525.0,294300.0,Central Accra: High-frequency anchor category; use for basket building and repeat purchase.
4,1,5,Central Accra (Circle / Kokomlemle / Adabraka),Supermarkets,1,High,Anchor + essential merchants,24525.0,294300.0,Central Accra: High-frequency anchor category; use for basket building and repeat purchase.
5,1,5,Central Accra (Circle / Kokomlemle / Adabraka),Supermarkets,1,High,Anchor + essential merchants,24525.0,294300.0,Central Accra: High-frequency anchor category; use for basket building and repeat purchase.
6,1,5,Central Accra (Circle / Kokomlemle / Adabraka),Supermarkets,1,High,Anchor + essential merchants,24525.0,294300.0,Central Accra: High-frequency anchor category; use for basket building and repeat purchase.
7,1,5,Central Accra (Circle / Kokomlemle / Adabraka),Supermarkets,1,High,Anchor + essential merchants,24525.0,294300.0,Central Accra: High-frequency anchor category; use for basket building and repeat purchase.
8,1,5,Central Accra (Circle / Kokomlemle / Adabraka),Supermarkets,1,High,Anchor + essential merchants,24525.0,294300.0,Central Accra: High-frequency anchor category; use for basket building and repeat purchase.
9,1,5,Central Accra (Circle / Kokomlemle / Adabraka),Supermarkets,1,High,Anchor + essential merchants,24525.0,294300.0,Central Accra: High-frequency anchor category; use for basket building and repeat purchase.
10,1,5,Central Accra (Circle / Kokomlemle / Adabraka),Supermarkets,1,High,Anchor + essential merchants,24525.0,294300.0,Central Accra: High-frequency anchor category; use for basket building and repeat purchase.
11,1,5,Central Accra (Circle / Kokomlemle / Adabraka),Supermarkets,1,High,Anchor + essential merchants,24525.0,294300.0,Central Accra: High-frequency anchor category; use for basket building and repeat purchase.
12,1,5,Central Accra (Circle / Kokomlemle / Adabraka),Supermarkets,1,High,Anchor + essential merchants,24525.0,294300.0,Central Accra: High-frequency anchor category; use for basket building and repeat purchase.
13,1,5,Central Accra (Circle / Kokomlemle / Adabraka),Supermarkets,1,High,Anchor + essential merchants,24525.0,294300.0,Central Accra: High-frequency anchor category; use for basket building and repeat purchase.
14,1,5,Central Accra (Circle / Kokomlemle / Adabraka),Supermarkets,1,High,Anchor + essential merchants,24525.0,294300.0,Central Accra: High-frequency anchor category; use for basket building and repeat purchase.
15,1,5,Central Accra (Circle / Kokomlemle / Adabraka),Supermarkets,1,High,Anchor + essential merchants,24525.0,294300.0,Central Accra: High-frequency anchor category; use for basket building and repeat purchase.
16,1,5,Central Accra (Circle / Kokomlemle / Adabraka),Supermarkets,1,High,Anchor + essential merchants,24525.0,294300.0,Central Accra: High-frequency anchor category; use for basket building and repeat purchase.
17,1,5,Central Accra (Circle / Kokomlemle / Adabraka),Supermarkets,1,High,Anchor + essential merchants,24525.0,294300.0,Central Accra: High-frequency anchor category; use for basket building and repeat purchase.
18,1,5,Central Accra (Circle / Kokomlemle / Adabraka),Supermarkets,1,High,Anchor + essential merchants,24525.0,294300.0,Central Accra: High-frequency anchor category; use for basket building and repeat purchase.
19,1,5,Central Accra (Circle / Kokomlemle / Adabraka),Supermarkets,1,High,Anchor + essential merchants,24525.0,294300.0,Central Accra: High-frequency anchor category; use for basket building and repeat purchase.
20,1,5,Central Accra (Circle / Kokomlemle / Adabraka),Supermarkets,1,High,Anchor + essential merchants,24525.0,294300.0,Central Accra: High-frequency anchor category; use for basket building and repeat purchase.
21,1,5,Central Accra (Circle / Kokomlemle / Adabraka),Supermarkets,1,High,Anchor + essential merchants,24525.0,294300.0,Central Accra: High-frequency anchor category; use for basket building and repeat purchase.
22,1,5,Central Accra (Circle / Kokomlemle / Adabraka),Supermarkets,1,High,Anchor + essential merchants,24525.0,294300.0,Central Accra: High-frequency anchor category; use for basket building and repeat purchase.
23,1,5,Central Accra (Circle / Kokomlemle / Adabraka),Supermarkets,1,High,Anchor + essential merchants,24525.0,294300.0,Central Accra: High-frequency anchor category; use for basket building and repeat purchase.
24,1,5,Central Accra (Circle / Kokomlemle / Adabraka),Supermarkets,1,High,Anchor + essential merchants,24525.0,294300.0,Central Accra: High-frequency anchor category; use for basket building and repeat purchase.
25,1,5,Central Accra (Circle / Kokomlemle / Adabraka),Supermarkets,1,High,Anchor + essential merchants,24525.0,294300.0,Central Accra: High-frequency anchor category; use for basket building and repeat purchase.
26,1,5,Central Accra (Circle / Kokomlemle / Adabraka),Supermarkets,1,High,Anchor + essential merchants,24525.0,294300.0,Central Accra: High-frequency anchor category; use for basket building and repeat purchase.
27,1,5,Central Accra (Circle / Kokomlemle / Adabraka),Supermarkets,1,High,Anchor + essential merchants,24525.0,294300.0,Central Accra: High-frequency anchor category; use for basket building and repeat purchase.
28,1,5,Central Accra (Circle / Kokomlemle / Adabraka),Supermarkets,1,High,Anchor + essential merchants,24525.0,294300.0,Central Accra: High-frequency anchor category; use for basket building and repeat purchase.
29,1,5,Central Accra (Circle / Kokomlemle / Adabraka),Supermarkets,1,High,Anchor + essential merchants,24525.0,294300.0,Central Accra: High-frequency anchor category; use for basket building and repeat purchase.
30,1,5,Central Accra (Circle / Kokomlemle / Adabraka),Supermarkets,1,High,Anchor + essential merchants,24525.0,294300.0,Central Accra: High-frequency anchor category; use for basket building and repeat purchase.
31,1,5,Central Accra (Circle / Kokomlemle / Adabraka),Electronics & Appliances,1,High,Cluster-fill around proven tech corridors,21255.0,255060.0,Central Accra: High-ticket but slower frequency; onboard selectively in proven demand corridors.
32,1,5,Central Accra (Circle / Kokomlemle / Adabraka),Electronics & Appliances,1,High,Cluster-fill around proven tech corridors,21255.0,255060.0,Central Accra: High-ticket but slower frequency; onboard selectively in proven demand corridors.
33,1,5,Central Accra (Circle / Kokomlemle / Adabraka),Electronics & Appliances,1,High,Cluster-fill around proven tech corridors,21255.0,255060.0,Central Accra: High-ticket but slower frequency; onboard selectively in proven demand corridors.
34,1,5,Central Accra (Circle / Kokomlemle / Adabraka),Electronics & Appliances,1,High,Cluster-fill around proven tech corridors,21255.0,255060.0,Central Accra: High-ticket but slower frequency; onboard selectively in proven demand corridors.
35,1,5,Central Accra (Circle / Kokomlemle / Adabraka),Electronics & Appliances,2,High,Cluster-fill around proven tech corridors,21255.0,255060.0,Central Accra: High-ticket but slower frequency; onboard selectively in proven demand corridors.
36,1,5,Central Accra (Circle / Kokomlemle / Adabraka),Electronics & Appliances,2,High,Cluster-fill around proven tech corridors,21255.0,255060.0,Central Accra: High-ticket but slower frequency; onboard selectively in proven demand corridors.
37,1,5,Central Accra (Circle / Kokomlemle / Adabraka),Electronics & Appliances,2,High,Cluster-fill around proven tech corridors,21255.0,255060.0,Central Accra: High-ticket but slower frequency; onboard selectively in proven demand corridors.
38,1,5,Central Accra (Circle / Kokomlemle / Adabraka),Mobile Phones & Accessories,2,High,Cluster-fill around proven tech corridors,19620.0,235440.0,Central Accra: Strategic fit with telecom footprint and higher GMV per merchant.
39,1,5,Central Accra (Circle / Kokomlemle / Adabraka),Mobile Phones & Accessories,2,High,Cluster-fill around proven tech corridors,19620.0,235440.0,Central Accra: Strategic fit with telecom footprint and higher GMV per merchant.
40,1,5,Central Accra (Circle / Kokomlemle / Adabraka),Mobile Phones & Accessories,2,High,Cluster-fill around proven tech corridors,19620.0,235440.0,Central Accra: Strategic fit with telecom footprint and higher GMV per merchant.
41,1,5,Central Accra (Circle / Kokomlemle / Adabraka),Mobile Phones & Accessories,2,High,Cluster-fill around proven tech corridors,19620.0,235440.0,Central Accra: Strategic fit with telecom footprint and higher GMV per merchant.
42,1,5,Central Accra (Circle / Kokomlemle / Adabraka),Mobile Phones & Accessories,2,High,Cluster-fill around proven tech corridors,19620.0,235440.0,Central Accra: Strategic fit with telecom footprint and higher GMV per merchant.
43,1,5,Central Accra (Circle / Kokomlemle / Adabraka),Pharmacy & Health,2,High,Anchor + essential merchants,16350.0,196200.0,Central Accra: Very underrepresented in current map; strong convenience and repeat demand driver.
44,1,5,Central Accra (Circle / Kokomlemle / Adabraka),Pharmacy & Health,2,High,Anchor + essential merchants,16350.0,196200.0,Central Accra: Very underrepresented in current map; strong convenience and repeat demand driver.
45,1,5,Central Accra (Circle / Kokomlemle / Adabraka),Pharmacy & Health,2,High,Anchor + essential merchants,16350.0,196200.0,Central Accra: Very underrepresented in current map; strong convenience and repeat demand driver.
46,1,5,Central Accra (Circle / Kokomlemle / Adabraka),Pharmacy & Health,2,High,Anchor + essential merchants,16350.0,196200.0,Central Accra: Very underrepresented in current map; strong convenience and repeat demand driver.
47,1,5,Central Accra (Circle / Kokomlemle / Adabraka),Pharmacy & Health,2,High,Anchor + essential merchants,16350.0,196200.0,Central Accra: Very underrepresented in current map; strong convenience and repeat demand driver.
48,1,5,Central Accra (Circle / Kokomlemle / Adabraka),Pharmacy & Health,2,High,Anchor + essential merchants,16350.0,196200.0,Central Accra: Very underrepresented in current map; strong convenience and repeat demand driver.
49,1,5,Central Accra (Circle / Kokomlemle / Adabraka),Pharmacy & Health,2,High,Anchor + essential merchants,16350.0,196200.0,Central Accra: Very underrepresented in current map; strong convenience and repeat demand driver.
50,1,5,Central Accra (Circle / Kokomlemle / Adabraka),Pharmacy & Health,2,High,Anchor + essential merchants,16350.0,196200.0,Central Accra: Very underrepresented in current map; strong convenience and repeat demand driver.
51,1,5,Central Accra (Circle / Kokomlemle / Adabraka),Pharmacy & Health,2,High,Anchor + essential merchants,16350.0,196200.0,Central Accra: Very underrepresented in current map; strong convenience and repeat demand driver.
52,1,5,Central Accra (Circle / Kokomlemle / Adabraka),Pharmacy & Health,2,High,Anchor + essential merchants,16350.0,196200.0,Central Accra: Very underrepresented in current map; strong convenience and repeat demand driver.
53,1,5,Central Accra (Circle / Kokomlemle / Adabraka),Pharmacy & Health,2,High,Anchor + essential merchants,16350.0,196200.0,Central Accra: Very underrepresented in current map; strong convenience and repeat demand driver.
54,1,5,Central Accra (Circle / Kokomlemle / Adabraka),Pharmacy & Health,2,High,Anchor + essential merchants,16350.0,196200.0,Central Accra: Very underrepresented in current map; strong convenience and repeat demand driver.
55,1,5,Central Accra (Circle / Kokomlemle / Adabraka),Pharmacy & Health,2,High,Anchor + essential merchants,16350.0,196200.0,Central Accra: Very underrepresented in current map; strong convenience and repeat demand driver.
56,1,5,Central Accra (Circle / Kokomlemle / Adabraka),Pharmacy & Health,2,High,Anchor + essential merchants,16350.0,196200.0,Central Accra: Very underrepresented in current map; strong convenience and repeat demand driver.
57,1,5,Central Accra (Circle / Kokomlemle / Adabraka),Pharmacy & Health,2,High,Anchor + essential merchants,16350.0,196200.0,Central Accra: Very underrepresented in current map; strong convenience and repeat demand driver.
58,1,5,Central Accra (Circle / Kokomlemle / Adabraka),Pharmacy & Health,2,High,Anchor + essential merchants,16350.0,196200.0,Central Accra: Very underrepresented in current map; strong convenience and repeat demand driver.
59,1,5,Central Accra (Circle / Kokomlemle / Adabraka),Pharmacy & Health,2,High,Anchor + essential merchants,16350.0,196200.0,Central Accra: Very underrepresented in current map; strong convenience and repeat demand driver.
60,1,5,Central Accra (Circle / Kokomlemle / Adabraka),Pharmacy & Health,2,High,Anchor + essential merchants,16350.0,196200.0,Central Accra: Very underrepresented in current map; strong convenience and repeat demand driver.
61,1,5,Central Accra (Circle / Kokomlemle / Adabraka),Pharmacy & Health,2,High,Anchor + essential merchants,16350.0,196200.0,Central Accra: Very underrepresented in current map; strong convenience and repeat demand driver.
62,1,5,Central Accra (Circle / Kokomlemle / Adabraka),Pharmacy & Health,2,High,Anchor + essential merchants,16350.0,196200.0,Central Accra: Very underrepresented in current map; strong convenience and repeat demand driver.
63,1,5,Central Accra (Circle / Kokomlemle / Adabraka),Pharmacy & Health,2,High,Anchor + essential merchants,16350.0,196200.0,Central Accra: Very underrepresented in current map; strong convenience and repeat demand driver.
64,1,5,Central Accra (Circle / Kokomlemle / Adabraka),Pharmacy & Health,2,High,Anchor + essential merchants,16350.0,196200.0,Central Accra: Very underrepresented in current map; strong convenience and repeat demand driver.
65,1,5,Central Accra (Circle / Kokomlemle / Adabraka),Pharmacy & Health,2,High,Anchor + essential merchants,16350.0,196200.0,Central Accra: Very underrepresented in current map; strong convenience and repeat demand driver.
66,1,5,Central Accra (Circle / Kokomlemle / Adabraka),Pharmacy & Health,2,High,Anchor + essential merchants,16350.0,196200.0,Central Accra: Very underrepresented in current map; strong convenience and repeat demand driver.
67,1,5,Central Accra (Circle / Kokomlemle / Adabraka),Restaurants & Fast Food,2,High,Anchor + essential merchants,14715.0,176580.0,Central Accra: Good demand generation and order frequency; cluster around dense residential/work nodes.
68,1,5,Central Accra (Circle / Kokomlemle / Adabraka),Restaurants & Fast Food,3,Medium,Anchor + essential merchants,14715.0,176580.0,Central Accra: Good demand generation and order frequency; cluster around dense residential/work nodes.
69,1,5,Central Accra (Circle / Kokomlemle / Adabraka),Restaurants & Fast Food,3,Medium,Anchor + essential merchants,14715.0,176580.0,Central Accra: Good demand generation and order frequency; cluster around dense residential/work nodes.
70,1,5,Central Accra (Circle / Kokomlemle / Adabraka),Restaurants & Fast Food,3,Medium,Anchor + essential merchants,14715.0,176580.0,Central Accra: Good demand generation and order frequency; cluster around dense residential/work nodes.
71,1,5,Central Accra (Circle / Kokomlemle / Adabraka),Restaurants & Fast Food,3,Medium,Anchor + essential merchants,14715.0,176580.0,Central Accra: Good demand generation and order frequency; cluster around dense residential/work nodes.
72,1,5,Central Accra (Circle / Kokomlemle / Adabraka),Restaurants & Fast Food,3,Medium,Anchor + essential merchants,14715.0,176580.0,Central Accra: Good demand generation and order frequency; cluster around dense residential/work nodes.
73,1,5,Central Accra (Circle / Kokomlemle / Adabraka),Restaurants & Fast Food,3,Medium,Anchor + essential merchants,14715.0,176580.0,Central Accra: Good demand generation and order frequency; cluster around dense residential/work nodes.
74,1,5,Central Accra (Circle / Kokomlemle / Adabraka),Restaurants & Fast Food,3,Medium,Anchor + essential merchants,14715.0,176580.0,Central Accra: Good demand generation and order frequency; cluster around dense residential/work nodes.
75,1,5,Central Accra (Circle / Kokomlemle / Adabraka),Restaurants & Fast Food,3,Medium,Anchor + essential merchants,14715.0,176580.0,Central Accra: Good demand generation and order frequency; cluster around dense residential/work nodes.
76,1,5,Central Accra (Circle / Kokomlemle / Adabraka),Restaurants & Fast Food,3,Medium,Anchor + essential merchants,14715.0,176580.0,Central Accra: Good demand generation and order frequency; cluster around dense residential/work nodes.
77,1,5,Central Accra (Circle / Kokomlemle / Adabraka),Restaurants & Fast Food,3,Medium,Anchor + essential merchants,14715.0,176580.0,Central Accra: Good demand generation and order frequency; cluster around dense residential/work nodes.
78,1,5,Central Accra (Circle / Kokomlemle / Adabraka),Restaurants & Fast Food,3,Medium,Anchor + essential merchants,14715.0,176580.0,Central Accra: Good demand generation and order frequency; cluster around dense residential/work nodes.
79,1,5,Central Accra (Circle / Kokomlemle / Adabraka),Restaurants & Fast Food,3,Medium,Anchor + essential merchants,14715.0,176580.0,Central Accra: Good demand generation and order frequency; cluster around dense residential/work nodes.
80,1,5,Central Accra (Circle / Kokomlemle / Adabraka),Restaurants & Fast Food,3,Medium,Anchor + essential merchants,14715.0,176580.0,Central Accra: Good demand generation and order frequency; cluster around dense residential/work nodes.
81,1,5,Central Accra (Circle / Kokomlemle / Adabraka),Restaurants & Fast Food,3,Medium,Anchor + essential merchants,14715.0,176580.0,Central Accra: Good demand generation and order frequency; cluster around dense residential/work nodes.
82,1,5,Central Accra (Circle / Kokomlemle / Adabraka),Restaurants & Fast Food,3,Medium,Anchor + essential merchants,14715.0,176580.0,Central Accra: Good demand generation and order frequency; cluster around dense residential/work nodes.
83,1,5,Central Accra (Circle / Kokomlemle / Adabraka),Restaurants & Fast Food,3,Medium,Anchor + essential merchants,14715.0,176580.0,Central Accra: Good demand generation and order frequency; cluster around dense residential/work nodes.
84,1,5,Central Accra (Circle / Kokomlemle / Adabraka),Restaurants & Fast Food,3,Medium,Anchor + essential merchants,14715.0,176580.0,Central Accra: Good demand generation and order frequency; cluster around dense residential/work nodes.
85,1,5,Central Accra (Circle / Kokomlemle / Adabraka),Restaurants & Fast Food,3,Medium,Anchor + essential merchants,14715.0,176580.0,Central Accra: Good demand generation and order frequency; cluster around dense residential/work nodes.
86,1,5,Central Accra (Circle / Kokomlemle / Adabraka),Auto & More,3,Medium,Selective specialist sourcing,14715.0,176580.0,Central Accra: Niche but valuable in transport corridors; keep targeted rather than broad.
87,1,5,Central Accra (Circle / Kokomlemle / Adabraka),Auto & More,3,Medium,Selective specialist sourcing,14715.0,176580.0,Central Accra: Niche but valuable in transport corridors; keep targeted rather than broad.
88,1,5,Central Accra (Circle / Kokomlemle / Adabraka),Auto & More,3,Medium,Selective specialist sourcing,14715.0,176580.0,Central Accra: Niche but valuable in transport corridors; keep targeted rather than broad.
89,1,5,Central Accra (Circle / Kokomlemle / Adabraka),Auto & More,3,Medium,Selective specialist sourcing,14715.0,176580.0,Central Accra: Niche but valuable in transport corridors; keep targeted rather than broad.
90,1,5,Central Accra (Circle / Kokomlemle / Adabraka),Auto & More,3,Medium,Selective specialist sourcing,14715.0,176580.0,Central Accra: Niche but valuable in transport corridors; keep targeted rather than broad.
91,1,5,Central Accra (Circle / Kokomlemle / Adabraka),Home & Office,3,Medium,Whitespace fill in residential corridors,13080.0,156960.0,Central Accra: Useful fill category for mixed-use corridors; add where electronics already convert.
92,1,5,Central Accra (Circle / Kokomlemle / Adabraka),Home & Office,3,Medium,Whitespace fill in residential corridors,13080.0,156960.0,Central Accra: Useful fill category for mixed-use corridors; add where electronics already convert.
93,1,5,Central Accra (Circle / Kokomlemle / Adabraka),Home & Office,3,Medium,Whitespace fill in residential corridors,13080.0,156960.0,Central Accra: Useful fill category for mixed-use corridors; add where electronics already convert.
94,1,5,Central Accra (Circle / Kokomlemle / Adabraka),Home & Office,3,Medium,Whitespace fill in residential corridors,13080.0,156960.0,Central Accra: Useful fill category for mixed-use corridors; add where electronics already convert.
95,1,5,Central Accra (Circle / Kokomlemle / Adabraka),Home & Office,3,Medium,Whitespace fill in residential corridors,13080.0,156960.0,Central Accra: Useful fill category for mixed-use corridors; add where electronics already convert.
96,1,5,Central Accra (Circle / Kokomlemle / Adabraka),Home & Office,4,Build Pipeline,Whitespace fill in residential corridors,13080.0,156960.0,Central Accra: Useful fill category for mixed-use corridors; add where electronics already convert.
97,1,5,Central Accra (Circle / Kokomlemle / Adabraka),Home & Office,4,Build Pipeline,Whitespace fill in residential corridors,13080.0,156960.0,Central Accra: Useful fill category for mixed-use corridors; add where electronics already convert.
98,1,5,Central Accra (Circle / Kokomlemle / Adabraka),Home & Office,4,Build Pipeline,Whitespace fill in residential corridors,13080.0,156960.0,Central Accra: Useful fill category for mixed-use corridors; add where electronics already convert.
99,1,5,Central Accra (Circle / Kokomlemle / Adabraka),Home & Office,4,Build Pipeline,Whitespace fill in residential corridors,13080.0,156960.0,Central Accra: Useful fill category for mixed-use corridors; add where electronics already convert.
100,1,5,Central Accra (Circle / Kokomlemle / Adabraka),Home & Office,4,Build Pipeline,Whitespace fill in residential corridors,13080.0,156960.0,Central Accra: Useful fill category for mixed-use corridors; add where electronics already convert.
101,1,5,Central Accra (Circle / Kokomlemle / Adabraka),Home & Office,4,Build Pipeline,Whitespace fill in residential corridors,13080.0,156960.0,Central Accra: Useful fill category for mixed-use corridors; add where electronics already convert.
102,1,5,Central Accra (Circle / Kokomlemle / Adabraka),Home & Office,4,Build Pipeline,Whitespace fill in residential corridors,13080.0,156960.0,Central Accra: Useful fill category for mixed-use corridors; add where electronics already convert.
103,1,5,Central Accra (Circle / Kokomlemle / Adabraka),Home & Office,4,Build Pipeline,Whitespace fill in residential corridors,13080.0,156960.0,Central Accra: Useful fill category for mixed-use corridors; add where electronics already convert.
104,1,5,Central Accra (Circle / Kokomlemle / Adabraka),Home & Office,4,Build Pipeline,Whitespace fill in residential corridors,13080.0,156960.0,Central Accra: Useful fill category for mixed-use corridors; add where electronics already convert.
105,1,5,Central Accra (Circle / Kokomlemle / Adabraka),Baby & Kids,4,Build Pipeline,Whitespace fill in residential corridors,11445.0,137340.0,Central Accra: Fill underserved family clusters; especially useful in Tema and East corridors.
106,1,5,Central Accra (Circle / Kokomlemle / Adabraka),Baby & Kids,4,Build Pipeline,Whitespace fill in residential corridors,11445.0,137340.0,Central Accra: Fill underserved family clusters; especially useful in Tema and East corridors.
107,1,5,Central Accra (Circle / Kokomlemle / Adabraka),Baby & Kids,4,Build Pipeline,Whitespace fill in residential corridors,11445.0,137340.0,Central Accra: Fill underserved family clusters; especially useful in Tema and East corridors.
108,1,5,Central Accra (Circle / Kokomlemle / Adabraka),Bakery,4,Build Pipeline,Whitespace fill in residential corridors,8175.0,98100.0,Central Accra: Small basket but useful for daily frequency around dense traffic nodes.
109,1,5,Central Accra (Circle / Kokomlemle / Adabraka),Bakery,4,Build Pipeline,Whitespace fill in residential corridors,8175.0,98100.0,Central Accra: Small basket but useful for daily frequency around dense traffic nodes.
110,1,5,Central Accra (Circle / Kokomlemle / Adabraka),Spas & Salons,4,Build Pipeline,Selective specialist sourcing,7358.0,88290.0,Central Accra: Service category; keep selective because marketplace fit is lower than essentials.
111,1,5,Central Accra (Circle / Kokomlemle / Adabraka),Spas & Salons,4,Build Pipeline,Selective specialist sourcing,7358.0,88290.0,Central Accra: Service category; keep selective because marketplace fit is lower than essentials.
112,2,1,East Corridor (Spintex / Sakumono),Supermarkets,1,High,Anchor + essential merchants,22776.0,273314.0,East Corridor: High-frequency anchor category; use for basket building and repeat purchase.
113,2,1,East Corridor (Spintex / Sakumono),Supermarkets,1,High,Anchor + essential merchants,22776.0,273314.0,East Corridor: High-frequency anchor category; use for basket building and repeat purchase.
114,2,1,East Corridor (Spintex / Sakumono),Supermarkets,1,High,Anchor + essential merchants,22776.0,273314.0,East Corridor: High-frequency anchor category; use for basket building and repeat purchase.
115,2,1,East Corridor (Spintex / Sakumono),Supermarkets,1,High,Anchor + essential merchants,22776.0,273314.0,East Corridor: High-frequency anchor category; use for basket building and repeat purchase.
116,2,1,East Corridor (Spintex / Sakumono),Supermarkets,1,High,Anchor + essential merchants,22776.0,273314.0,East Corridor: High-frequency anchor category; use for basket building and repeat purchase.
117,2,1,East Corridor (Spintex / Sakumono),Supermarkets,1,High,Anchor + essential merchants,22776.0,273314.0,East Corridor: High-frequency anchor category; use for basket building and repeat purchase.
118,2,1,East Corridor (Spintex / Sakumono),Supermarkets,1,High,Anchor + essential merchants,22776.0,273314.0,East Corridor: High-frequency anchor category; use for basket building and repeat purchase.
119,2,1,East Corridor (Spintex / Sakumono),Supermarkets,1,High,Anchor + essential merchants,22776.0,273314.0,East Corridor: High-frequency anchor category; use for basket building and repeat purchase.
120,2,1,East Corridor (Spintex / Sakumono),Supermarkets,1,High,Anchor + essential merchants,22776.0,273314.0,East Corridor: High-frequency anchor category; use for basket building and repeat purchase.
121,2,1,East Corridor (Spintex / Sakumono),Supermarkets,1,High,Anchor + essential merchants,22776.0,273314.0,East Corridor: High-frequency anchor category; use for basket building and repeat purchase.
122,2,1,East Corridor (Spintex / Sakumono),Supermarkets,1,High,Anchor + essential merchants,22776.0,273314.0,East Corridor: High-frequency anchor category; use for basket building and repeat purchase.
123,2,1,East Corridor (Spintex / Sakumono),Supermarkets,1,High,Anchor + essential merchants,22776.0,273314.0,East Corridor: High-frequency anchor category; use for basket building and repeat purchase.
124,2,1,East Corridor (Spintex / Sakumono),Supermarkets,1,High,Anchor + essential merchants,22776.0,273314.0,East Corridor: High-frequency anchor category; use for basket building and repeat purchase.
125,2,1,East Corridor (Spintex / Sakumono),Supermarkets,1,High,Anchor + essential merchants,22776.0,273314.0,East Corridor: High-frequency anchor category; use for basket building and repeat purchase.
126,2,1,East Corridor (Spintex / Sakumono),Supermarkets,1,High,Anchor + essential merchants,22776.0,273314.0,East Corridor: High-frequency anchor category; use for basket building and repeat purchase.
127,2,1,East Corridor (Spintex / Sakumono),Supermarkets,1,High,Anchor + essential merchants,22776.0,273314.0,East Corridor: High-frequency anchor category; use for basket building and repeat purchase.
128,2,1,East Corridor (Spintex / Sakumono),Supermarkets,1,High,Anchor + essential merchants,22776.0,273314.0,East Corridor: High-frequency anchor category; use for basket building and repeat purchase.
129,2,1,East Corridor (Spintex / Sakumono),Supermarkets,1,High,Anchor + essential merchants,22776.0,273314.0,East Corridor: High-frequency anchor category; use for basket building and repeat purchase.
130,2,1,East Corridor (Spintex / Sakumono),Supermarkets,1,High,Anchor + essential merchants,22776.0,273314.0,East Corridor: High-frequency anchor category; use for basket building and repeat purchase.
131,2,1,East Corridor (Spintex / Sakumono),Supermarkets,1,High,Anchor + essential merchants,22776.0,273314.0,East Corridor: High-frequency anchor category; use for basket building and repeat purchase.
132,2,1,East Corridor (Spintex / Sakumono),Supermarkets,1,High,Anchor + essential merchants,22776.0,273314.0,East Corridor: High-frequency anchor category; use for basket building and repeat purchase.
133,2,1,East Corridor (Spintex / Sakumono),Supermarkets,1,High,Anchor + essential merchants,22776.0,273314.0,East Corridor: High-frequency anchor category; use for basket building and repeat purchase.
134,2,1,East Corridor (Spintex / Sakumono),Supermarkets,1,High,Anchor + essential merchants,22776.0,273314.0,East Corridor: High-frequency anchor category; use for basket building and repeat purchase.
135,2,1,East Corridor (Spintex / Sakumono),Supermarkets,1,High,Anchor + essential merchants,22776.0,273314.0,East Corridor: High-frequency anchor category; use for basket building and repeat purchase.
136,2,1,East Corridor (Spintex / Sakumono),Mobile Phones & Accessories,1,High,Cluster-fill around proven tech corridors,18221.0,218651.0,East Corridor: Strategic fit with telecom footprint and higher GMV per merchant.
137,2,1,East Corridor (Spintex / Sakumono),Mobile Phones & Accessories,1,High,Cluster-fill around proven tech corridors,18221.0,218651.0,East Corridor: Strategic fit with telecom footprint and higher GMV per merchant.
138,2,1,East Corridor (Spintex / Sakumono),Mobile Phones & Accessories,2,High,Cluster-fill around proven tech corridors,18221.0,218651.0,East Corridor: Strategic fit with telecom footprint and higher GMV per merchant.
139,2,1,East Corridor (Spintex / Sakumono),Mobile Phones & Accessories,2,High,Cluster-fill around proven tech corridors,18221.0,218651.0,East Corridor: Strategic fit with telecom footprint and higher GMV per merchant.
140,2,1,East Corridor (Spintex / Sakumono),Mobile Phones & Accessories,2,High,Cluster-fill around proven tech corridors,18221.0,218651.0,East Corridor: Strategic fit with telecom footprint and higher GMV per merchant.
141,2,1,East Corridor (Spintex / Sakumono),Mobile Phones & Accessories,2,High,Cluster-fill around proven tech corridors,18221.0,218651.0,East Corridor: Strategic fit with telecom footprint and higher GMV per merchant.
142,2,1,East Corridor (Spintex / Sakumono),Mobile Phones & Accessories,2,High,Cluster-fill around proven tech corridors,18221.0,218651.0,East Corridor: Strategic fit with telecom footprint and higher GMV per merchant.
143,2,1,East Corridor (Spintex / Sakumono),Mobile Phones & Accessories,2,High,Cluster-fill around proven tech corridors,18221.0,218651.0,East Corridor: Strategic fit with telecom footprint and higher GMV per merchant.
144,2,1,East Corridor (Spintex / Sakumono),Mobile Phones & Accessories,2,High,Cluster-fill around proven tech corridors,18221.0,218651.0,East Corridor: Strategic fit with telecom footprint and higher GMV per merchant.
145,2,1,East Corridor (Spintex / Sakumono),Mobile Phones & Accessories,2,High,Cluster-fill around proven tech corridors,18221.0,218651.0,East Corridor: Strategic fit with telecom footprint and higher GMV per merchant.
146,2,1,East Corridor (Spintex / Sakumono),Mobile Phones & Accessories,2,High,Cluster-fill around proven tech corridors,18221.0,218651.0,East Corridor: Strategic fit with telecom footprint and higher GMV per merchant.
147,2,1,East Corridor (Spintex / Sakumono),Mobile Phones & Accessories,2,High,Cluster-fill around proven tech corridors,18221.0,218651.0,East Corridor: Strategic fit with telecom footprint and higher GMV per merchant.
148,2,1,East Corridor (Spintex / Sakumono),Mobile Phones & Accessories,2,High,Cluster-fill around proven tech corridors,18221.0,218651.0,East Corridor: Strategic fit with telecom footprint and higher GMV per merchant.
149,2,1,East Corridor (Spintex / Sakumono),Mobile Phones & Accessories,2,High,Cluster-fill around proven tech corridors,18221.0,218651.0,East Corridor: Strategic fit with telecom footprint and higher GMV per merchant.
150,2,1,East Corridor (Spintex / Sakumono),Computers & Games,2,High,Cluster-fill around proven tech corridors,16703.0,200430.0,East Corridor: Complementary to electronics corridors and student/office catchments.
151,2,1,East Corridor (Spintex / Sakumono),Computers & Games,2,High,Cluster-fill around proven tech corridors,16703.0,200430.0,East Corridor: Complementary to electronics corridors and student/office catchments.
152,2,1,East Corridor (Spintex / Sakumono),Computers & Games,2,High,Cluster-fill around proven tech corridors,16703.0,200430.0,East Corridor: Complementary to electronics corridors and student/office catchments.
153,2,1,East Corridor (Spintex / Sakumono),Computers & Games,2,High,Cluster-fill around proven tech corridors,16703.0,200430.0,East Corridor: Complementary to electronics corridors and student/office catchments.
154,2,1,East Corridor (Spintex / Sakumono),Computers & Games,2,High,Cluster-fill around proven tech corridors,16703.0,200430.0,East Corridor: Complementary to electronics corridors and student/office catchments.
155,2,1,East Corridor (Spintex / Sakumono),Computers & Games,2,High,Cluster-fill around proven tech corridors,16703.0,200430.0,East Corridor: Complementary to electronics corridors and student/office catchments.
156,2,1,East Corridor (Spintex / Sakumono),Computers & Games,2,High,Cluster-fill around proven tech corridors,16703.0,200430.0,East Corridor: Complementary to electronics corridors and student/office catchments.
157,2,1,East Corridor (Spintex / Sakumono),Computers & Games,2,High,Cluster-fill around proven tech corridors,16703.0,200430.0,East Corridor: Complementary to electronics corridors and student/office catchments.
158,2,1,East Corridor (Spintex / Sakumono),Pharmacy & Health,2,High,Anchor + essential merchants,15184.0,182209.0,East Corridor: Very underrepresented in current map; strong convenience and repeat demand driver.
159,2,1,East Corridor (Spintex / Sakumono),Pharmacy & Health,2,High,Anchor + essential merchants,15184.0,182209.0,East Corridor: Very underrepresented in current map; strong convenience and repeat demand driver.
160,2,1,East Corridor (Spintex / Sakumono),Pharmacy & Health,2,High,Anchor + essential merchants,15184.0,182209.0,East Corridor: Very underrepresented in current map; strong convenience and repeat demand driver.
161,2,1,East Corridor (Spintex / Sakumono),Pharmacy & Health,2,High,Anchor + essential merchants,15184.0,182209.0,East Corridor: Very underrepresented in current map; strong convenience and repeat demand driver.
162,2,1,East Corridor (Spintex / Sakumono),Pharmacy & Health,2,High,Anchor + essential merchants,15184.0,182209.0,East Corridor: Very underrepresented in current map; strong convenience and repeat demand driver.
163,2,1,East Corridor (Spintex / Sakumono),Pharmacy & Health,2,High,Anchor + essential merchants,15184.0,182209.0,East Corridor: Very underrepresented in current map; strong convenience and repeat demand driver.
164,2,1,East Corridor (Spintex / Sakumono),Pharmacy & Health,3,Medium,Anchor + essential merchants,15184.0,182209.0,East Corridor: Very underrepresented in current map; strong convenience and repeat demand driver.
165,2,1,East Corridor (Spintex / Sakumono),Restaurants & Fast Food,3,Medium,Anchor + essential merchants,13666.0,163988.0,East Corridor: Good demand generation and order frequency; cluster around dense residential/work nodes.
166,2,1,East Corridor (Spintex / Sakumono),Restaurants & Fast Food,3,Medium,Anchor + essential merchants,13666.0,163988.0,East Corridor: Good demand generation and order frequency; cluster around dense residential/work nodes.
167,2,1,East Corridor (Spintex / Sakumono),Restaurants & Fast Food,3,Medium,Anchor + essential merchants,13666.0,163988.0,East Corridor: Good demand generation and order frequency; cluster around dense residential/work nodes.
168,2,1,East Corridor (Spintex / Sakumono),Restaurants & Fast Food,3,Medium,Anchor + essential merchants,13666.0,163988.0,East Corridor: Good demand generation and order frequency; cluster around dense residential/work nodes.
169,2,1,East Corridor (Spintex / Sakumono),Restaurants & Fast Food,3,Medium,Anchor + essential merchants,13666.0,163988.0,East Corridor: Good demand generation and order frequency; cluster around dense residential/work nodes.
170,2,1,East Corridor (Spintex / Sakumono),Restaurants & Fast Food,3,Medium,Anchor + essential merchants,13666.0,163988.0,East Corridor: Good demand generation and order frequency; cluster around dense residential/work nodes.
171,2,1,East Corridor (Spintex / Sakumono),Restaurants & Fast Food,3,Medium,Anchor + essential merchants,13666.0,163988.0,East Corridor: Good demand generation and order frequency; cluster around dense residential/work nodes.
172,2,1,East Corridor (Spintex / Sakumono),Restaurants & Fast Food,3,Medium,Anchor + essential merchants,13666.0,163988.0,East Corridor: Good demand generation and order frequency; cluster around dense residential/work nodes.
173,2,1,East Corridor (Spintex / Sakumono),Restaurants & Fast Food,3,Medium,Anchor + essential merchants,13666.0,163988.0,East Corridor: Good demand generation and order frequency; cluster around dense residential/work nodes.
174,2,1,East Corridor (Spintex / Sakumono),Restaurants & Fast Food,3,Medium,Anchor + essential merchants,13666.0,163988.0,East Corridor: Good demand generation and order frequency; cluster around dense residential/work nodes.
175,2,1,East Corridor (Spintex / Sakumono),Restaurants & Fast Food,3,Medium,Anchor + essential merchants,13666.0,163988.0,East Corridor: Good demand generation and order frequency; cluster around dense residential/work nodes.
176,2,1,East Corridor (Spintex / Sakumono),Restaurants & Fast Food,3,Medium,Anchor + essential merchants,13666.0,163988.0,East Corridor: Good demand generation and order frequency; cluster around dense residential/work nodes.
177,2,1,East Corridor (Spintex / Sakumono),Restaurants & Fast Food,3,Medium,Anchor + essential merchants,13666.0,163988.0,East Corridor: Good demand generation and order frequency; cluster around dense residential/work nodes.
178,2,1,East Corridor (Spintex / Sakumono),Restaurants & Fast Food,3,Medium,Anchor + essential merchants,13666.0,163988.0,East Corridor: Good demand generation and order frequency; cluster around dense residential/work nodes.
179,2,1,East Corridor (Spintex / Sakumono),Restaurants & Fast Food,3,Medium,Anchor + essential merchants,13666.0,163988.0,East Corridor: Good demand generation and order frequency; cluster around dense residential/work nodes.
180,2,1,East Corridor (Spintex / Sakumono),Restaurants & Fast Food,3,Medium,Anchor + essential merchants,13666.0,163988.0,East Corridor: Good demand generation and order frequency; cluster around dense residential/work nodes.
181,2,1,East Corridor (Spintex / Sakumono),Restaurants & Fast Food,3,Medium,Anchor + essential merchants,13666.0,163988.0,East Corridor: Good demand generation and order frequency; cluster around dense residential/work nodes.
182,2,1,East Corridor (Spintex / Sakumono),Auto & More,3,Medium,Selective specialist sourcing,13666.0,163988.0,East Corridor: Niche but valuable in transport corridors; keep targeted rather than broad.
183,2,1,East Corridor (Spintex / Sakumono),Auto & More,3,Medium,Selective specialist sourcing,13666.0,163988.0,East Corridor: Niche but valuable in transport corridors; keep targeted rather than broad.
184,2,1,East Corridor (Spintex / Sakumono),Auto & More,3,Medium,Selective specialist sourcing,13666.0,163988.0,East Corridor: Niche but valuable in transport corridors; keep targeted rather than broad.
185,2,1,East Corridor (Spintex / Sakumono),Auto & More,3,Medium,Selective specialist sourcing,13666.0,163988.0,East Corridor: Niche but valuable in transport corridors; keep targeted rather than broad.
186,2,1,East Corridor (Spintex / Sakumono),Auto & More,4,Build Pipeline,Selective specialist sourcing,13666.0,163988.0,East Corridor: Niche but valuable in transport corridors; keep targeted rather than broad.
187,2,1,East Corridor (Spintex / Sakumono),Baby & Kids,4,Build Pipeline,Whitespace fill in residential corridors,10629.0,127546.0,East Corridor: Fill underserved family clusters; especially useful in Tema and East corridors.
188,2,1,East Corridor (Spintex / Sakumono),Baby & Kids,4,Build Pipeline,Whitespace fill in residential corridors,10629.0,127546.0,East Corridor: Fill underserved family clusters; especially useful in Tema and East corridors.
189,2,1,East Corridor (Spintex / Sakumono),Baby & Kids,4,Build Pipeline,Whitespace fill in residential corridors,10629.0,127546.0,East Corridor: Fill underserved family clusters; especially useful in Tema and East corridors.
190,2,1,East Corridor (Spintex / Sakumono),Baby & Kids,4,Build Pipeline,Whitespace fill in residential corridors,10629.0,127546.0,East Corridor: Fill underserved family clusters; especially useful in Tema and East corridors.
191,2,1,East Corridor (Spintex / Sakumono),Bakery,4,Build Pipeline,Whitespace fill in residential corridors,7592.0,91105.0,East Corridor: Small basket but useful for daily frequency around dense traffic nodes.
192,2,1,East Corridor (Spintex / Sakumono),Bakery,4,Build Pipeline,Whitespace fill in residential corridors,7592.0,91105.0,East Corridor: Small basket but useful for daily frequency around dense traffic nodes.
193,2,1,East Corridor (Spintex / Sakumono),Bakery,4,Build Pipeline,Whitespace fill in residential corridors,7592.0,91105.0,East Corridor: Small basket but useful for daily frequency around dense traffic nodes.
194,2,1,East Corridor (Spintex / Sakumono),Bakery,4,Build Pipeline,Whitespace fill in residential corridors,7592.0,91105.0,East Corridor: Small basket but useful for daily frequency around dense traffic nodes.
195,2,1,East Corridor (Spintex / Sakumono),Bakery,4,Build Pipeline,Whitespace fill in residential corridors,7592.0,91105.0,East Corridor: Small basket but useful for daily frequency around dense traffic nodes.
196,2,1,East Corridor (Spintex / Sakumono),Bakery,4,Build Pipeline,Whitespace fill in residential corridors,7592.0,91105.0,East Corridor: Small basket but useful for daily frequency around dense traffic nodes.
197,2,1,East Corridor (Spintex / Sakumono),Spas & Salons,4,Build Pipeline,Selective specialist sourcing,6833.0,81994.0,East Corridor: Service category; keep selective because marketplace fit is lower than essentials.
198,3,2,North-East Corridor (East Legon / Madina / Haatso),Supermarkets,1,High,Anchor + essential merchants,22707.0,272480.0,North-East Corridor: High-frequency anchor category; use for basket building and repeat purchase.
199,3,2,North-East Corridor (East Legon / Madina / Haatso),Supermarkets,1,High,Anchor + essential merchants,22707.0,272480.0,North-East Corridor: High-frequency anchor category; use for basket building and repeat purchase.
200,3,2,North-East Corridor (East Legon / Madina / Haatso),Supermarkets,1,High,Anchor + essential merchants,22707.0,272480.0,North-East Corridor: High-frequency anchor category; use for basket building and repeat purchase.
201,3,2,North-East Corridor (East Legon / Madina / Haatso),Supermarkets,1,High,Anchor + essential merchants,22707.0,272480.0,North-East Corridor: High-frequency anchor category; use for basket building and repeat purchase.
202,3,2,North-East Corridor (East Legon / Madina / Haatso),Supermarkets,1,High,Anchor + essential merchants,22707.0,272480.0,North-East Corridor: High-frequency anchor category; use for basket building and repeat purchase.
203,3,2,North-East Corridor (East Legon / Madina / Haatso),Supermarkets,1,High,Anchor + essential merchants,22707.0,272480.0,North-East Corridor: High-frequency anchor category; use for basket building and repeat purchase.
204,3,2,North-East Corridor (East Legon / Madina / Haatso),Supermarkets,1,High,Anchor + essential merchants,22707.0,272480.0,North-East Corridor: High-frequency anchor category; use for basket building and repeat purchase.
205,3,2,North-East Corridor (East Legon / Madina / Haatso),Supermarkets,1,High,Anchor + essential merchants,22707.0,272480.0,North-East Corridor: High-frequency anchor category; use for basket building and repeat purchase.
206,3,2,North-East Corridor (East Legon / Madina / Haatso),Supermarkets,1,High,Anchor + essential merchants,22707.0,272480.0,North-East Corridor: High-frequency anchor category; use for basket building and repeat purchase.
207,3,2,North-East Corridor (East Legon / Madina / Haatso),Supermarkets,1,High,Anchor + essential merchants,22707.0,272480.0,North-East Corridor: High-frequency anchor category; use for basket building and repeat purchase.
208,3,2,North-East Corridor (East Legon / Madina / Haatso),Supermarkets,1,High,Anchor + essential merchants,22707.0,272480.0,North-East Corridor: High-frequency anchor category; use for basket building and repeat purchase.
209,3,2,North-East Corridor (East Legon / Madina / Haatso),Supermarkets,1,High,Anchor + essential merchants,22707.0,272480.0,North-East Corridor: High-frequency anchor category; use for basket building and repeat purchase.
210,3,2,North-East Corridor (East Legon / Madina / Haatso),Supermarkets,1,High,Anchor + essential merchants,22707.0,272480.0,North-East Corridor: High-frequency anchor category; use for basket building and repeat purchase.
211,3,2,North-East Corridor (East Legon / Madina / Haatso),Supermarkets,1,High,Anchor + essential merchants,22707.0,272480.0,North-East Corridor: High-frequency anchor category; use for basket building and repeat purchase.
212,3,2,North-East Corridor (East Legon / Madina / Haatso),Electronics & Appliances,1,High,Cluster-fill around proven tech corridors,19679.0,236150.0,North-East Corridor: High-ticket but slower frequency; onboard selectively in proven demand corridors.
213,3,2,North-East Corridor (East Legon / Madina / Haatso),Electronics & Appliances,1,High,Cluster-fill around proven tech corridors,19679.0,236150.0,North-East Corridor: High-ticket but slower frequency; onboard selectively in proven demand corridors.
214,3,2,North-East Corridor (East Legon / Madina / Haatso),Electronics & Appliances,1,High,Cluster-fill around proven tech corridors,19679.0,236150.0,North-East Corridor: High-ticket but slower frequency; onboard selectively in proven demand corridors.
215,3,2,North-East Corridor (East Legon / Madina / Haatso),Electronics & Appliances,1,High,Cluster-fill around proven tech corridors,19679.0,236150.0,North-East Corridor: High-ticket but slower frequency; onboard selectively in proven demand corridors.
216,3,2,North-East Corridor (East Legon / Madina / Haatso),Electronics & Appliances,1,High,Cluster-fill around proven tech corridors,19679.0,236150.0,North-East Corridor: High-ticket but slower frequency; onboard selectively in proven demand corridors.
217,3,2,North-East Corridor (East Legon / Madina / Haatso),Electronics & Appliances,1,High,Cluster-fill around proven tech corridors,19679.0,236150.0,North-East Corridor: High-ticket but slower frequency; onboard selectively in proven demand corridors.
218,3,2,North-East Corridor (East Legon / Madina / Haatso),Electronics & Appliances,1,High,Cluster-fill around proven tech corridors,19679.0,236150.0,North-East Corridor: High-ticket but slower frequency; onboard selectively in proven demand corridors.
219,3,2,North-East Corridor (East Legon / Madina / Haatso),Electronics & Appliances,1,High,Cluster-fill around proven tech corridors,19679.0,236150.0,North-East Corridor: High-ticket but slower frequency; onboard selectively in proven demand corridors.
220,3,2,North-East Corridor (East Legon / Madina / Haatso),Electronics & Appliances,1,High,Cluster-fill around proven tech corridors,19679.0,236150.0,North-East Corridor: High-ticket but slower frequency; onboard selectively in proven demand corridors.
221,3,2,North-East Corridor (East Legon / Madina / Haatso),Electronics & Appliances,1,High,Cluster-fill around proven tech corridors,19679.0,236150.0,North-East Corridor: High-ticket but slower frequency; onboard selectively in proven demand corridors.
222,3,2,North-East Corridor (East Legon / Madina / Haatso),Electronics & Appliances,1,High,Cluster-fill around proven tech corridors,19679.0,236150.0,North-East Corridor: High-ticket but slower frequency; onboard selectively in proven demand corridors.
223,3,2,North-East Corridor (East Legon / Madina / Haatso),Electronics & Appliances,1,High,Cluster-fill around proven tech corridors,19679.0,236150.0,North-East Corridor: High-ticket but slower frequency; onboard selectively in proven demand corridors.
224,3,2,North-East Corridor (East Legon / Madina / Haatso),Electronics & Appliances,2,High,Cluster-fill around proven tech corridors,19679.0,236150.0,North-East Corridor: High-ticket but slower frequency; onboard selectively in proven demand corridors.
225,3,2,North-East Corridor (East Legon / Madina / Haatso),Electronics & Appliances,2,High,Cluster-fill around proven tech corridors,19679.0,236150.0,North-East Corridor: High-ticket but slower frequency; onboard selectively in proven demand corridors.
226,3,2,North-East Corridor (East Legon / Madina / Haatso),Mobile Phones & Accessories,2,High,Cluster-fill around proven tech corridors,18165.0,217984.0,North-East Corridor: Strategic fit with telecom footprint and higher GMV per merchant.
227,3,2,North-East Corridor (East Legon / Madina / Haatso),Mobile Phones & Accessories,2,High,Cluster-fill around proven tech corridors,18165.0,217984.0,North-East Corridor: Strategic fit with telecom footprint and higher GMV per merchant.
228,3,2,North-East Corridor (East Legon / Madina / Haatso),Mobile Phones & Accessories,2,High,Cluster-fill around proven tech corridors,18165.0,217984.0,North-East Corridor: Strategic fit with telecom footprint and higher GMV per merchant.
229,3,2,North-East Corridor (East Legon / Madina / Haatso),Mobile Phones & Accessories,2,High,Cluster-fill around proven tech corridors,18165.0,217984.0,North-East Corridor: Strategic fit with telecom footprint and higher GMV per merchant.
230,3,2,North-East Corridor (East Legon / Madina / Haatso),Mobile Phones & Accessories,2,High,Cluster-fill around proven tech corridors,18165.0,217984.0,North-East Corridor: Strategic fit with telecom footprint and higher GMV per merchant.
231,3,2,North-East Corridor (East Legon / Madina / Haatso),Mobile Phones & Accessories,2,High,Cluster-fill around proven tech corridors,18165.0,217984.0,North-East Corridor: Strategic fit with telecom footprint and higher GMV per merchant.
232,3,2,North-East Corridor (East Legon / Madina / Haatso),Mobile Phones & Accessories,2,High,Cluster-fill around proven tech corridors,18165.0,217984.0,North-East Corridor: Strategic fit with telecom footprint and higher GMV per merchant.
233,3,2,North-East Corridor (East Legon / Madina / Haatso),Mobile Phones & Accessories,2,High,Cluster-fill around proven tech corridors,18165.0,217984.0,North-East Corridor: Strategic fit with telecom footprint and higher GMV per merchant.
234,3,2,North-East Corridor (East Legon / Madina / Haatso),Mobile Phones & Accessories,2,High,Cluster-fill around proven tech corridors,18165.0,217984.0,North-East Corridor: Strategic fit with telecom footprint and higher GMV per merchant.
235,3,2,North-East Corridor (East Legon / Madina / Haatso),Mobile Phones & Accessories,2,High,Cluster-fill around proven tech corridors,18165.0,217984.0,North-East Corridor: Strategic fit with telecom footprint and higher GMV per merchant.
236,3,2,North-East Corridor (East Legon / Madina / Haatso),Mobile Phones & Accessories,2,High,Cluster-fill around proven tech corridors,18165.0,217984.0,North-East Corridor: Strategic fit with telecom footprint and higher GMV per merchant.
237,3,2,North-East Corridor (East Legon / Madina / Haatso),Computers & Games,2,High,Cluster-fill around proven tech corridors,16652.0,199819.0,North-East Corridor: Complementary to electronics corridors and student/office catchments.
238,3,2,North-East Corridor (East Legon / Madina / Haatso),Computers & Games,2,High,Cluster-fill around proven tech corridors,16652.0,199819.0,North-East Corridor: Complementary to electronics corridors and student/office catchments.
239,3,2,North-East Corridor (East Legon / Madina / Haatso),Computers & Games,2,High,Cluster-fill around proven tech corridors,16652.0,199819.0,North-East Corridor: Complementary to electronics corridors and student/office catchments.
240,3,2,North-East Corridor (East Legon / Madina / Haatso),Computers & Games,2,High,Cluster-fill around proven tech corridors,16652.0,199819.0,North-East Corridor: Complementary to electronics corridors and student/office catchments.
241,3,2,North-East Corridor (East Legon / Madina / Haatso),Computers & Games,2,High,Cluster-fill around proven tech corridors,16652.0,199819.0,North-East Corridor: Complementary to electronics corridors and student/office catchments.
242,3,2,North-East Corridor (East Legon / Madina / Haatso),Computers & Games,2,High,Cluster-fill around proven tech corridors,16652.0,199819.0,North-East Corridor: Complementary to electronics corridors and student/office catchments.
243,3,2,North-East Corridor (East Legon / Madina / Haatso),Pharmacy & Health,2,High,Anchor + essential merchants,15138.0,181654.0,North-East Corridor: Very underrepresented in current map; strong convenience and repeat demand driver.
244,3,2,North-East Corridor (East Legon / Madina / Haatso),Pharmacy & Health,2,High,Anchor + essential merchants,15138.0,181654.0,North-East Corridor: Very underrepresented in current map; strong convenience and repeat demand driver.
245,3,2,North-East Corridor (East Legon / Madina / Haatso),Pharmacy & Health,2,High,Anchor + essential merchants,15138.0,181654.0,North-East Corridor: Very underrepresented in current map; strong convenience and repeat demand driver.
246,3,2,North-East Corridor (East Legon / Madina / Haatso),Pharmacy & Health,2,High,Anchor + essential merchants,15138.0,181654.0,North-East Corridor: Very underrepresented in current map; strong convenience and repeat demand driver.
247,3,2,North-East Corridor (East Legon / Madina / Haatso),Pharmacy & Health,2,High,Anchor + essential merchants,15138.0,181654.0,North-East Corridor: Very underrepresented in current map; strong convenience and repeat demand driver.
248,3,2,North-East Corridor (East Legon / Madina / Haatso),Pharmacy & Health,2,High,Anchor + essential merchants,15138.0,181654.0,North-East Corridor: Very underrepresented in current map; strong convenience and repeat demand driver.
249,3,2,North-East Corridor (East Legon / Madina / Haatso),Pharmacy & Health,3,Medium,Anchor + essential merchants,15138.0,181654.0,North-East Corridor: Very underrepresented in current map; strong convenience and repeat demand driver.
250,3,2,North-East Corridor (East Legon / Madina / Haatso),Pharmacy & Health,3,Medium,Anchor + essential merchants,15138.0,181654.0,North-East Corridor: Very underrepresented in current map; strong convenience and repeat demand driver.
251,3,2,North-East Corridor (East Legon / Madina / Haatso),Pharmacy & Health,3,Medium,Anchor + essential merchants,15138.0,181654.0,North-East Corridor: Very underrepresented in current map; strong convenience and repeat demand driver.
252,3,2,North-East Corridor (East Legon / Madina / Haatso),Pharmacy & Health,3,Medium,Anchor + essential merchants,15138.0,181654.0,North-East Corridor: Very underrepresented in current map; strong convenience and repeat demand driver.
253,3,2,North-East Corridor (East Legon / Madina / Haatso),Pharmacy & Health,3,Medium,Anchor + essential merchants,15138.0,181654.0,North-East Corridor: Very underrepresented in current map; strong convenience and repeat demand driver.
254,3,2,North-East Corridor (East Legon / Madina / Haatso),Pharmacy & Health,3,Medium,Anchor + essential merchants,15138.0,181654.0,North-East Corridor: Very underrepresented in current map; strong convenience and repeat demand driver.
255,3,2,North-East Corridor (East Legon / Madina / Haatso),Pharmacy & Health,3,Medium,Anchor + essential merchants,15138.0,181654.0,North-East Corridor: Very underrepresented in current map; strong convenience and repeat demand driver.
256,3,2,North-East Corridor (East Legon / Madina / Haatso),Pharmacy & Health,3,Medium,Anchor + essential merchants,15138.0,181654.0,North-East Corridor: Very underrepresented in current map; strong convenience and repeat demand driver.
257,3,2,North-East Corridor (East Legon / Madina / Haatso),Restaurants & Fast Food,3,Medium,Anchor + essential merchants,13624.0,163488.0,North-East Corridor: Good demand generation and order frequency; cluster around dense residential/work nodes.
258,3,2,North-East Corridor (East Legon / Madina / Haatso),Restaurants & Fast Food,3,Medium,Anchor + essential merchants,13624.0,163488.0,North-East Corridor: Good demand generation and order frequency; cluster around dense residential/work nodes.
259,3,2,North-East Corridor (East Legon / Madina / Haatso),Restaurants & Fast Food,3,Medium,Anchor + essential merchants,13624.0,163488.0,North-East Corridor: Good demand generation and order frequency; cluster around dense residential/work nodes.
260,3,2,North-East Corridor (East Legon / Madina / Haatso),Restaurants & Fast Food,3,Medium,Anchor + essential merchants,13624.0,163488.0,North-East Corridor: Good demand generation and order frequency; cluster around dense residential/work nodes.
261,3,2,North-East Corridor (East Legon / Madina / Haatso),Restaurants & Fast Food,3,Medium,Anchor + essential merchants,13624.0,163488.0,North-East Corridor: Good demand generation and order frequency; cluster around dense residential/work nodes.
262,3,2,North-East Corridor (East Legon / Madina / Haatso),Restaurants & Fast Food,3,Medium,Anchor + essential merchants,13624.0,163488.0,North-East Corridor: Good demand generation and order frequency; cluster around dense residential/work nodes.
263,3,2,North-East Corridor (East Legon / Madina / Haatso),Restaurants & Fast Food,3,Medium,Anchor + essential merchants,13624.0,163488.0,North-East Corridor: Good demand generation and order frequency; cluster around dense residential/work nodes.
264,3,2,North-East Corridor (East Legon / Madina / Haatso),Restaurants & Fast Food,3,Medium,Anchor + essential merchants,13624.0,163488.0,North-East Corridor: Good demand generation and order frequency; cluster around dense residential/work nodes.
265,3,2,North-East Corridor (East Legon / Madina / Haatso),Auto & More,3,Medium,Selective specialist sourcing,13624.0,163488.0,North-East Corridor: Niche but valuable in transport corridors; keep targeted rather than broad.
266,3,2,North-East Corridor (East Legon / Madina / Haatso),Auto & More,3,Medium,Selective specialist sourcing,13624.0,163488.0,North-East Corridor: Niche but valuable in transport corridors; keep targeted rather than broad.
267,3,2,North-East Corridor (East Legon / Madina / Haatso),Auto & More,3,Medium,Selective specialist sourcing,13624.0,163488.0,North-East Corridor: Niche but valuable in transport corridors; keep targeted rather than broad.
268,3,2,North-East Corridor (East Legon / Madina / Haatso),Auto & More,3,Medium,Selective specialist sourcing,13624.0,163488.0,North-East Corridor: Niche but valuable in transport corridors; keep targeted rather than broad.
269,3,2,North-East Corridor (East Legon / Madina / Haatso),Home & Office,3,Medium,Whitespace fill in residential corridors,12110.0,145323.0,North-East Corridor: Useful fill category for mixed-use corridors; add where electronics already convert.
270,3,2,North-East Corridor (East Legon / Madina / Haatso),Home & Office,3,Medium,Whitespace fill in residential corridors,12110.0,145323.0,North-East Corridor: Useful fill category for mixed-use corridors; add where electronics already convert.
271,3,2,North-East Corridor (East Legon / Madina / Haatso),Home & Office,4,Build Pipeline,Whitespace fill in residential corridors,12110.0,145323.0,North-East Corridor: Useful fill category for mixed-use corridors; add where electronics already convert.
272,3,2,North-East Corridor (East Legon / Madina / Haatso),Home & Office,4,Build Pipeline,Whitespace fill in residential corridors,12110.0,145323.0,North-East Corridor: Useful fill category for mixed-use corridors; add where electronics already convert.
273,3,2,North-East Corridor (East Legon / Madina / Haatso),Home & Office,4,Build Pipeline,Whitespace fill in residential corridors,12110.0,145323.0,North-East Corridor: Useful fill category for mixed-use corridors; add where electronics already convert.
274,3,2,North-East Corridor (East Legon / Madina / Haatso),Home & Office,4,Build Pipeline,Whitespace fill in residential corridors,12110.0,145323.0,North-East Corridor: Useful fill category for mixed-use corridors; add where electronics already convert.
275,3,2,North-East Corridor (East Legon / Madina / Haatso),Home & Office,4,Build Pipeline,Whitespace fill in residential corridors,12110.0,145323.0,North-East Corridor: Useful fill category for mixed-use corridors; add where electronics already convert.
276,3,2,North-East Corridor (East Legon / Madina / Haatso),Home & Office,4,Build Pipeline,Whitespace fill in residential corridors,12110.0,145323.0,North-East Corridor: Useful fill category for mixed-use corridors; add where electronics already convert.
277,3,2,North-East Corridor (East Legon / Madina / Haatso),Home & Office,4,Build Pipeline,Whitespace fill in residential corridors,12110.0,145323.0,North-East Corridor: Useful fill category for mixed-use corridors; add where electronics already convert.
278,3,2,North-East Corridor (East Legon / Madina / Haatso),Baby & Kids,4,Build Pipeline,Whitespace fill in residential corridors,10596.0,127158.0,North-East Corridor: Fill underserved family clusters; especially useful in Tema and East corridors.
279,3,2,North-East Corridor (East Legon / Madina / Haatso),Baby & Kids,4,Build Pipeline,Whitespace fill in residential corridors,10596.0,127158.0,North-East Corridor: Fill underserved family clusters; especially useful in Tema and East corridors.
280,3,2,North-East Corridor (East Legon / Madina / Haatso),Baby & Kids,4,Build Pipeline,Whitespace fill in residential corridors,10596.0,127158.0,North-East Corridor: Fill underserved family clusters; especially useful in Tema and East corridors.
281,3,2,North-East Corridor (East Legon / Madina / Haatso),Spas & Salons,4,Build Pipeline,Selective specialist sourcing,6812.0,81744.0,North-East Corridor: Service category; keep selective because marketplace fit is lower than essentials.
282,3,2,North-East Corridor (East Legon / Madina / Haatso),Spas & Salons,4,Build Pipeline,Selective specialist sourcing,6812.0,81744.0,North-East Corridor: Service category; keep selective because marketplace fit is lower than essentials.
283,4,3,North-West Corridor (Achimota / Lapaz / Atomic),Supermarkets,1,High,Anchor + essential merchants,22875.0,274496.0,North-West Corridor: High-frequency anchor category; use for basket building and repeat purchase.
284,4,3,North-West Corridor (Achimota / Lapaz / Atomic),Supermarkets,1,High,Anchor + essential merchants,22875.0,274496.0,North-West Corridor: High-frequency anchor category; use for basket building and repeat purchase.
285,4,3,North-West Corridor (Achimota / Lapaz / Atomic),Supermarkets,1,High,Anchor + essential merchants,22875.0,274496.0,North-West Corridor: High-frequency anchor category; use for basket building and repeat purchase.
286,4,3,North-West Corridor (Achimota / Lapaz / Atomic),Supermarkets,1,High,Anchor + essential merchants,22875.0,274496.0,North-West Corridor: High-frequency anchor category; use for basket building and repeat purchase.
287,4,3,North-West Corridor (Achimota / Lapaz / Atomic),Supermarkets,1,High,Anchor + essential merchants,22875.0,274496.0,North-West Corridor: High-frequency anchor category; use for basket building and repeat purchase.
288,4,3,North-West Corridor (Achimota / Lapaz / Atomic),Supermarkets,1,High,Anchor + essential merchants,22875.0,274496.0,North-West Corridor: High-frequency anchor category; use for basket building and repeat purchase.
289,4,3,North-West Corridor (Achimota / Lapaz / Atomic),Supermarkets,1,High,Anchor + essential merchants,22875.0,274496.0,North-West Corridor: High-frequency anchor category; use for basket building and repeat purchase.
290,4,3,North-West Corridor (Achimota / Lapaz / Atomic),Supermarkets,1,High,Anchor + essential merchants,22875.0,274496.0,North-West Corridor: High-frequency anchor category; use for basket building and repeat purchase.
291,4,3,North-West Corridor (Achimota / Lapaz / Atomic),Supermarkets,1,High,Anchor + essential merchants,22875.0,274496.0,North-West Corridor: High-frequency anchor category; use for basket building and repeat purchase.
292,4,3,North-West Corridor (Achimota / Lapaz / Atomic),Supermarkets,1,High,Anchor + essential merchants,22875.0,274496.0,North-West Corridor: High-frequency anchor category; use for basket building and repeat purchase.
293,4,3,North-West Corridor (Achimota / Lapaz / Atomic),Supermarkets,1,High,Anchor + essential merchants,22875.0,274496.0,North-West Corridor: High-frequency anchor category; use for basket building and repeat purchase.
294,4,3,North-West Corridor (Achimota / Lapaz / Atomic),Supermarkets,1,High,Anchor + essential merchants,22875.0,274496.0,North-West Corridor: High-frequency anchor category; use for basket building and repeat purchase.
295,4,3,North-West Corridor (Achimota / Lapaz / Atomic),Supermarkets,1,High,Anchor + essential merchants,22875.0,274496.0,North-West Corridor: High-frequency anchor category; use for basket building and repeat purchase.
296,4,3,North-West Corridor (Achimota / Lapaz / Atomic),Supermarkets,1,High,Anchor + essential merchants,22875.0,274496.0,North-West Corridor: High-frequency anchor category; use for basket building and repeat purchase.
297,4,3,North-West Corridor (Achimota / Lapaz / Atomic),Supermarkets,1,High,Anchor + essential merchants,22875.0,274496.0,North-West Corridor: High-frequency anchor category; use for basket building and repeat purchase.
298,4,3,North-West Corridor (Achimota / Lapaz / Atomic),Supermarkets,1,High,Anchor + essential merchants,22875.0,274496.0,North-West Corridor: High-frequency anchor category; use for basket building and repeat purchase.
299,4,3,North-West Corridor (Achimota / Lapaz / Atomic),Supermarkets,1,High,Anchor + essential merchants,22875.0,274496.0,North-West Corridor: High-frequency anchor category; use for basket building and repeat purchase.
300,4,3,North-West Corridor (Achimota / Lapaz / Atomic),Supermarkets,1,High,Anchor + essential merchants,22875.0,274496.0,North-West Corridor: High-frequency anchor category; use for basket building and repeat purchase.
301,4,3,North-West Corridor (Achimota / Lapaz / Atomic),Electronics & Appliances,1,High,Cluster-fill around proven tech corridors,19825.0,237897.0,North-West Corridor: High-ticket but slower frequency; onboard selectively in proven demand corridors.
302,4,3,North-West Corridor (Achimota / Lapaz / Atomic),Electronics & Appliances,1,High,Cluster-fill around proven tech corridors,19825.0,237897.0,North-West Corridor: High-ticket but slower frequency; onboard selectively in proven demand corridors.
303,4,3,North-West Corridor (Achimota / Lapaz / Atomic),Electronics & Appliances,1,High,Cluster-fill around proven tech corridors,19825.0,237897.0,North-West Corridor: High-ticket but slower frequency; onboard selectively in proven demand corridors.
304,4,3,North-West Corridor (Achimota / Lapaz / Atomic),Electronics & Appliances,1,High,Cluster-fill around proven tech corridors,19825.0,237897.0,North-West Corridor: High-ticket but slower frequency; onboard selectively in proven demand corridors.
305,4,3,North-West Corridor (Achimota / Lapaz / Atomic),Electronics & Appliances,1,High,Cluster-fill around proven tech corridors,19825.0,237897.0,North-West Corridor: High-ticket but slower frequency; onboard selectively in proven demand corridors.
306,4,3,North-West Corridor (Achimota / Lapaz / Atomic),Electronics & Appliances,2,High,Cluster-fill around proven tech corridors,19825.0,237897.0,North-West Corridor: High-ticket but slower frequency; onboard selectively in proven demand corridors.
307,4,3,North-West Corridor (Achimota / Lapaz / Atomic),Electronics & Appliances,2,High,Cluster-fill around proven tech corridors,19825.0,237897.0,North-West Corridor: High-ticket but slower frequency; onboard selectively in proven demand corridors.
308,4,3,North-West Corridor (Achimota / Lapaz / Atomic),Mobile Phones & Accessories,2,High,Cluster-fill around proven tech corridors,18300.0,219597.0,North-West Corridor: Strategic fit with telecom footprint and higher GMV per merchant.
309,4,3,North-West Corridor (Achimota / Lapaz / Atomic),Mobile Phones & Accessories,2,High,Cluster-fill around proven tech corridors,18300.0,219597.0,North-West Corridor: Strategic fit with telecom footprint and higher GMV per merchant.
310,4,3,North-West Corridor (Achimota / Lapaz / Atomic),Mobile Phones & Accessories,2,High,Cluster-fill around proven tech corridors,18300.0,219597.0,North-West Corridor: Strategic fit with telecom footprint and higher GMV per merchant.
311,4,3,North-West Corridor (Achimota / Lapaz / Atomic),Mobile Phones & Accessories,2,High,Cluster-fill around proven tech corridors,18300.0,219597.0,North-West Corridor: Strategic fit with telecom footprint and higher GMV per merchant.
312,4,3,North-West Corridor (Achimota / Lapaz / Atomic),Mobile Phones & Accessories,2,High,Cluster-fill around proven tech corridors,18300.0,219597.0,North-West Corridor: Strategic fit with telecom footprint and higher GMV per merchant.
313,4,3,North-West Corridor (Achimota / Lapaz / Atomic),Mobile Phones & Accessories,2,High,Cluster-fill around proven tech corridors,18300.0,219597.0,North-West Corridor: Strategic fit with telecom footprint and higher GMV per merchant.
314,4,3,North-West Corridor (Achimota / Lapaz / Atomic),Mobile Phones & Accessories,2,High,Cluster-fill around proven tech corridors,18300.0,219597.0,North-West Corridor: Strategic fit with telecom footprint and higher GMV per merchant.
315,4,3,North-West Corridor (Achimota / Lapaz / Atomic),Mobile Phones & Accessories,2,High,Cluster-fill around proven tech corridors,18300.0,219597.0,North-West Corridor: Strategic fit with telecom footprint and higher GMV per merchant.
316,4,3,North-West Corridor (Achimota / Lapaz / Atomic),Mobile Phones & Accessories,2,High,Cluster-fill around proven tech corridors,18300.0,219597.0,North-West Corridor: Strategic fit with telecom footprint and higher GMV per merchant.
317,4,3,North-West Corridor (Achimota / Lapaz / Atomic),Mobile Phones & Accessories,2,High,Cluster-fill around proven tech corridors,18300.0,219597.0,North-West Corridor: Strategic fit with telecom footprint and higher GMV per merchant.
318,4,3,North-West Corridor (Achimota / Lapaz / Atomic),Mobile Phones & Accessories,2,High,Cluster-fill around proven tech corridors,18300.0,219597.0,North-West Corridor: Strategic fit with telecom footprint and higher GMV per merchant.
319,4,3,North-West Corridor (Achimota / Lapaz / Atomic),Mobile Phones & Accessories,2,High,Cluster-fill around proven tech corridors,18300.0,219597.0,North-West Corridor: Strategic fit with telecom footprint and higher GMV per merchant.
320,4,3,North-West Corridor (Achimota / Lapaz / Atomic),Mobile Phones & Accessories,2,High,Cluster-fill around proven tech corridors,18300.0,219597.0,North-West Corridor: Strategic fit with telecom footprint and higher GMV per merchant.
321,4,3,North-West Corridor (Achimota / Lapaz / Atomic),Mobile Phones & Accessories,2,High,Cluster-fill around proven tech corridors,18300.0,219597.0,North-West Corridor: Strategic fit with telecom footprint and higher GMV per merchant.
322,4,3,North-West Corridor (Achimota / Lapaz / Atomic),Mobile Phones & Accessories,2,High,Cluster-fill around proven tech corridors,18300.0,219597.0,North-West Corridor: Strategic fit with telecom footprint and higher GMV per merchant.
323,4,3,North-West Corridor (Achimota / Lapaz / Atomic),Computers & Games,2,High,Cluster-fill around proven tech corridors,16775.0,201297.0,North-West Corridor: Complementary to electronics corridors and student/office catchments.
324,4,3,North-West Corridor (Achimota / Lapaz / Atomic),Computers & Games,2,High,Cluster-fill around proven tech corridors,16775.0,201297.0,North-West Corridor: Complementary to electronics corridors and student/office catchments.
325,4,3,North-West Corridor (Achimota / Lapaz / Atomic),Computers & Games,2,High,Cluster-fill around proven tech corridors,16775.0,201297.0,North-West Corridor: Complementary to electronics corridors and student/office catchments.
326,4,3,North-West Corridor (Achimota / Lapaz / Atomic),Computers & Games,2,High,Cluster-fill around proven tech corridors,16775.0,201297.0,North-West Corridor: Complementary to electronics corridors and student/office catchments.
327,4,3,North-West Corridor (Achimota / Lapaz / Atomic),Computers & Games,2,High,Cluster-fill around proven tech corridors,16775.0,201297.0,North-West Corridor: Complementary to electronics corridors and student/office catchments.
328,4,3,North-West Corridor (Achimota / Lapaz / Atomic),Computers & Games,3,Medium,Cluster-fill around proven tech corridors,16775.0,201297.0,North-West Corridor: Complementary to electronics corridors and student/office catchments.
329,4,3,North-West Corridor (Achimota / Lapaz / Atomic),Computers & Games,3,Medium,Cluster-fill around proven tech corridors,16775.0,201297.0,North-West Corridor: Complementary to electronics corridors and student/office catchments.
330,4,3,North-West Corridor (Achimota / Lapaz / Atomic),Computers & Games,3,Medium,Cluster-fill around proven tech corridors,16775.0,201297.0,North-West Corridor: Complementary to electronics corridors and student/office catchments.
331,4,3,North-West Corridor (Achimota / Lapaz / Atomic),Computers & Games,3,Medium,Cluster-fill around proven tech corridors,16775.0,201297.0,North-West Corridor: Complementary to electronics corridors and student/office catchments.
332,4,3,North-West Corridor (Achimota / Lapaz / Atomic),Pharmacy & Health,3,Medium,Anchor + essential merchants,15250.0,182997.0,North-West Corridor: Very underrepresented in current map; strong convenience and repeat demand driver.
333,4,3,North-West Corridor (Achimota / Lapaz / Atomic),Pharmacy & Health,3,Medium,Anchor + essential merchants,15250.0,182997.0,North-West Corridor: Very underrepresented in current map; strong convenience and repeat demand driver.
334,4,3,North-West Corridor (Achimota / Lapaz / Atomic),Pharmacy & Health,3,Medium,Anchor + essential merchants,15250.0,182997.0,North-West Corridor: Very underrepresented in current map; strong convenience and repeat demand driver.
335,4,3,North-West Corridor (Achimota / Lapaz / Atomic),Pharmacy & Health,3,Medium,Anchor + essential merchants,15250.0,182997.0,North-West Corridor: Very underrepresented in current map; strong convenience and repeat demand driver.
336,4,3,North-West Corridor (Achimota / Lapaz / Atomic),Pharmacy & Health,3,Medium,Anchor + essential merchants,15250.0,182997.0,North-West Corridor: Very underrepresented in current map; strong convenience and repeat demand driver.
337,4,3,North-West Corridor (Achimota / Lapaz / Atomic),Pharmacy & Health,3,Medium,Anchor + essential merchants,15250.0,182997.0,North-West Corridor: Very underrepresented in current map; strong convenience and repeat demand driver.
338,4,3,North-West Corridor (Achimota / Lapaz / Atomic),Restaurants & Fast Food,3,Medium,Anchor + essential merchants,13725.0,164698.0,North-West Corridor: Good demand generation and order frequency; cluster around dense residential/work nodes.
339,4,3,North-West Corridor (Achimota / Lapaz / Atomic),Restaurants & Fast Food,3,Medium,Anchor + essential merchants,13725.0,164698.0,North-West Corridor: Good demand generation and order frequency; cluster around dense residential/work nodes.
340,4,3,North-West Corridor (Achimota / Lapaz / Atomic),Restaurants & Fast Food,3,Medium,Anchor + essential merchants,13725.0,164698.0,North-West Corridor: Good demand generation and order frequency; cluster around dense residential/work nodes.
341,4,3,North-West Corridor (Achimota / Lapaz / Atomic),Restaurants & Fast Food,3,Medium,Anchor + essential merchants,13725.0,164698.0,North-West Corridor: Good demand generation and order frequency; cluster around dense residential/work nodes.
342,4,3,North-West Corridor (Achimota / Lapaz / Atomic),Restaurants & Fast Food,3,Medium,Anchor + essential merchants,13725.0,164698.0,North-West Corridor: Good demand generation and order frequency; cluster around dense residential/work nodes.
343,4,3,North-West Corridor (Achimota / Lapaz / Atomic),Restaurants & Fast Food,3,Medium,Anchor + essential merchants,13725.0,164698.0,North-West Corridor: Good demand generation and order frequency; cluster around dense residential/work nodes.
344,4,3,North-West Corridor (Achimota / Lapaz / Atomic),Restaurants & Fast Food,3,Medium,Anchor + essential merchants,13725.0,164698.0,North-West Corridor: Good demand generation and order frequency; cluster around dense residential/work nodes.
345,4,3,North-West Corridor (Achimota / Lapaz / Atomic),Restaurants & Fast Food,3,Medium,Anchor + essential merchants,13725.0,164698.0,North-West Corridor: Good demand generation and order frequency; cluster around dense residential/work nodes.
346,4,3,North-West Corridor (Achimota / Lapaz / Atomic),Restaurants & Fast Food,3,Medium,Anchor + essential merchants,13725.0,164698.0,North-West Corridor: Good demand generation and order frequency; cluster around dense residential/work nodes.
347,4,3,North-West Corridor (Achimota / Lapaz / Atomic),Restaurants & Fast Food,4,Build Pipeline,Anchor + essential merchants,13725.0,164698.0,North-West Corridor: Good demand generation and order frequency; cluster around dense residential/work nodes.
348,4,3,North-West Corridor (Achimota / Lapaz / Atomic),Restaurants & Fast Food,4,Build Pipeline,Anchor + essential merchants,13725.0,164698.0,North-West Corridor: Good demand generation and order frequency; cluster around dense residential/work nodes.
349,4,3,North-West Corridor (Achimota / Lapaz / Atomic),Restaurants & Fast Food,4,Build Pipeline,Anchor + essential merchants,13725.0,164698.0,North-West Corridor: Good demand generation and order frequency; cluster around dense residential/work nodes.
350,4,3,North-West Corridor (Achimota / Lapaz / Atomic),Restaurants & Fast Food,4,Build Pipeline,Anchor + essential merchants,13725.0,164698.0,North-West Corridor: Good demand generation and order frequency; cluster around dense residential/work nodes.
351,4,3,North-West Corridor (Achimota / Lapaz / Atomic),Restaurants & Fast Food,4,Build Pipeline,Anchor + essential merchants,13725.0,164698.0,North-West Corridor: Good demand generation and order frequency; cluster around dense residential/work nodes.
352,4,3,North-West Corridor (Achimota / Lapaz / Atomic),Restaurants & Fast Food,4,Build Pipeline,Anchor + essential merchants,13725.0,164698.0,North-West Corridor: Good demand generation and order frequency; cluster around dense residential/work nodes.
353,4,3,North-West Corridor (Achimota / Lapaz / Atomic),Restaurants & Fast Food,4,Build Pipeline,Anchor + essential merchants,13725.0,164698.0,North-West Corridor: Good demand generation and order frequency; cluster around dense residential/work nodes.
354,4,3,North-West Corridor (Achimota / Lapaz / Atomic),Auto & More,4,Build Pipeline,Selective specialist sourcing,13725.0,164698.0,North-West Corridor: Niche but valuable in transport corridors; keep targeted rather than broad.
355,4,3,North-West Corridor (Achimota / Lapaz / Atomic),Home & Office,4,Build Pipeline,Whitespace fill in residential corridors,12200.0,146398.0,North-West Corridor: Useful fill category for mixed-use corridors; add where electronics already convert.
356,4,3,North-West Corridor (Achimota / Lapaz / Atomic),Home & Office,4,Build Pipeline,Whitespace fill in residential corridors,12200.0,146398.0,North-West Corridor: Useful fill category for mixed-use corridors; add where electronics already convert.
357,4,3,North-West Corridor (Achimota / Lapaz / Atomic),Home & Office,4,Build Pipeline,Whitespace fill in residential corridors,12200.0,146398.0,North-West Corridor: Useful fill category for mixed-use corridors; add where electronics already convert.
358,5,4,Tema Corridor (Tema / Ashaiman),Supermarkets,1,High,Anchor + essential merchants,20250.0,243000.0,Tema Corridor: High-frequency anchor category; use for basket building and repeat purchase.
359,5,4,Tema Corridor (Tema / Ashaiman),Supermarkets,1,High,Anchor + essential merchants,20250.0,243000.0,Tema Corridor: High-frequency anchor category; use for basket building and repeat purchase.
360,5,4,Tema Corridor (Tema / Ashaiman),Supermarkets,1,High,Anchor + essential merchants,20250.0,243000.0,Tema Corridor: High-frequency anchor category; use for basket building and repeat purchase.
361,5,4,Tema Corridor (Tema / Ashaiman),Supermarkets,1,High,Anchor + essential merchants,20250.0,243000.0,Tema Corridor: High-frequency anchor category; use for basket building and repeat purchase.
362,5,4,Tema Corridor (Tema / Ashaiman),Supermarkets,1,High,Anchor + essential merchants,20250.0,243000.0,Tema Corridor: High-frequency anchor category; use for basket building and repeat purchase.
363,5,4,Tema Corridor (Tema / Ashaiman),Supermarkets,1,High,Anchor + essential merchants,20250.0,243000.0,Tema Corridor: High-frequency anchor category; use for basket building and repeat purchase.
364,5,4,Tema Corridor (Tema / Ashaiman),Supermarkets,1,High,Anchor + essential merchants,20250.0,243000.0,Tema Corridor: High-frequency anchor category; use for basket building and repeat purchase.
365,5,4,Tema Corridor (Tema / Ashaiman),Supermarkets,1,High,Anchor + essential merchants,20250.0,243000.0,Tema Corridor: High-frequency anchor category; use for basket building and repeat purchase.
366,5,4,Tema Corridor (Tema / Ashaiman),Supermarkets,1,High,Anchor + essential merchants,20250.0,243000.0,Tema Corridor: High-frequency anchor category; use for basket building and repeat purchase.
367,5,4,Tema Corridor (Tema / Ashaiman),Supermarkets,1,High,Anchor + essential merchants,20250.0,243000.0,Tema Corridor: High-frequency anchor category; use for basket building and repeat purchase.
368,5,4,Tema Corridor (Tema / Ashaiman),Supermarkets,1,High,Anchor + essential merchants,20250.0,243000.0,Tema Corridor: High-frequency anchor category; use for basket building and repeat purchase.
369,5,4,Tema Corridor (Tema / Ashaiman),Supermarkets,1,High,Anchor + essential merchants,20250.0,243000.0,Tema Corridor: High-frequency anchor category; use for basket building and repeat purchase.
370,5,4,Tema Corridor (Tema / Ashaiman),Supermarkets,1,High,Anchor + essential merchants,20250.0,243000.0,Tema Corridor: High-frequency anchor category; use for basket building and repeat purchase.
371,5,4,Tema Corridor (Tema / Ashaiman),Supermarkets,1,High,Anchor + essential merchants,20250.0,243000.0,Tema Corridor: High-frequency anchor category; use for basket building and repeat purchase.
372,5,4,Tema Corridor (Tema / Ashaiman),Supermarkets,1,High,Anchor + essential merchants,20250.0,243000.0,Tema Corridor: High-frequency anchor category; use for basket building and repeat purchase.
373,5,4,Tema Corridor (Tema / Ashaiman),Supermarkets,1,High,Anchor + essential merchants,20250.0,243000.0,Tema Corridor: High-frequency anchor category; use for basket building and repeat purchase.
374,5,4,Tema Corridor (Tema / Ashaiman),Supermarkets,1,High,Anchor + essential merchants,20250.0,243000.0,Tema Corridor: High-frequency anchor category; use for basket building and repeat purchase.
375,5,4,Tema Corridor (Tema / Ashaiman),Supermarkets,1,High,Anchor + essential merchants,20250.0,243000.0,Tema Corridor: High-frequency anchor category; use for basket building and repeat purchase.
376,5,4,Tema Corridor (Tema / Ashaiman),Supermarkets,1,High,Anchor + essential merchants,20250.0,243000.0,Tema Corridor: High-frequency anchor category; use for basket building and repeat purchase.
377,5,4,Tema Corridor (Tema / Ashaiman),Supermarkets,1,High,Anchor + essential merchants,20250.0,243000.0,Tema Corridor: High-frequency anchor category; use for basket building and repeat purchase.
378,5,4,Tema Corridor (Tema / Ashaiman),Supermarkets,1,High,Anchor + essential merchants,20250.0,243000.0,Tema Corridor: High-frequency anchor category; use for basket building and repeat purchase.
379,5,4,Tema Corridor (Tema / Ashaiman),Supermarkets,1,High,Anchor + essential merchants,20250.0,243000.0,Tema Corridor: High-frequency anchor category; use for basket building and repeat purchase.
380,5,4,Tema Corridor (Tema / Ashaiman),Mobile Phones & Accessories,2,High,Cluster-fill around proven tech corridors,16200.0,194400.0,Tema Corridor: Strategic fit with telecom footprint and higher GMV per merchant.
381,5,4,Tema Corridor (Tema / Ashaiman),Mobile Phones & Accessories,2,High,Cluster-fill around proven tech corridors,16200.0,194400.0,Tema Corridor: Strategic fit with telecom footprint and higher GMV per merchant.
382,5,4,Tema Corridor (Tema / Ashaiman),Mobile Phones & Accessories,2,High,Cluster-fill around proven tech corridors,16200.0,194400.0,Tema Corridor: Strategic fit with telecom footprint and higher GMV per merchant.
383,5,4,Tema Corridor (Tema / Ashaiman),Mobile Phones & Accessories,2,High,Cluster-fill around proven tech corridors,16200.0,194400.0,Tema Corridor: Strategic fit with telecom footprint and higher GMV per merchant.
384,5,4,Tema Corridor (Tema / Ashaiman),Mobile Phones & Accessories,2,High,Cluster-fill around proven tech corridors,16200.0,194400.0,Tema Corridor: Strategic fit with telecom footprint and higher GMV per merchant.
385,5,4,Tema Corridor (Tema / Ashaiman),Mobile Phones & Accessories,2,High,Cluster-fill around proven tech corridors,16200.0,194400.0,Tema Corridor: Strategic fit with telecom footprint and higher GMV per merchant.
386,5,4,Tema Corridor (Tema / Ashaiman),Mobile Phones & Accessories,2,High,Cluster-fill around proven tech corridors,16200.0,194400.0,Tema Corridor: Strategic fit with telecom footprint and higher GMV per merchant.
387,5,4,Tema Corridor (Tema / Ashaiman),Mobile Phones & Accessories,2,High,Cluster-fill around proven tech corridors,16200.0,194400.0,Tema Corridor: Strategic fit with telecom footprint and higher GMV per merchant.
388,5,4,Tema Corridor (Tema / Ashaiman),Mobile Phones & Accessories,2,High,Cluster-fill around proven tech corridors,16200.0,194400.0,Tema Corridor: Strategic fit with telecom footprint and higher GMV per merchant.
389,5,4,Tema Corridor (Tema / Ashaiman),Computers & Games,2,High,Cluster-fill around proven tech corridors,14850.0,178200.0,Tema Corridor: Complementary to electronics corridors and student/office catchments.
390,5,4,Tema Corridor (Tema / Ashaiman),Computers & Games,2,High,Cluster-fill around proven tech corridors,14850.0,178200.0,Tema Corridor: Complementary to electronics corridors and student/office catchments.
391,5,4,Tema Corridor (Tema / Ashaiman),Computers & Games,2,High,Cluster-fill around proven tech corridors,14850.0,178200.0,Tema Corridor: Complementary to electronics corridors and student/office catchments.
392,5,4,Tema Corridor (Tema / Ashaiman),Pharmacy & Health,2,High,Anchor + essential merchants,13500.0,162000.0,Tema Corridor: Very underrepresented in current map; strong convenience and repeat demand driver.
393,5,4,Tema Corridor (Tema / Ashaiman),Pharmacy & Health,2,High,Anchor + essential merchants,13500.0,162000.0,Tema Corridor: Very underrepresented in current map; strong convenience and repeat demand driver.
394,5,4,Tema Corridor (Tema / Ashaiman),Pharmacy & Health,2,High,Anchor + essential merchants,13500.0,162000.0,Tema Corridor: Very underrepresented in current map; strong convenience and repeat demand driver.
395,5,4,Tema Corridor (Tema / Ashaiman),Pharmacy & Health,2,High,Anchor + essential merchants,13500.0,162000.0,Tema Corridor: Very underrepresented in current map; strong convenience and repeat demand driver.
396,5,4,Tema Corridor (Tema / Ashaiman),Pharmacy & Health,2,High,Anchor + essential merchants,13500.0,162000.0,Tema Corridor: Very underrepresented in current map; strong convenience and repeat demand driver.
397,5,4,Tema Corridor (Tema / Ashaiman),Restaurants & Fast Food,2,High,Anchor + essential merchants,12150.0,145800.0,Tema Corridor: Good demand generation and order frequency; cluster around dense residential/work nodes.
398,5,4,Tema Corridor (Tema / Ashaiman),Restaurants & Fast Food,2,High,Anchor + essential merchants,12150.0,145800.0,Tema Corridor: Good demand generation and order frequency; cluster around dense residential/work nodes.
399,5,4,Tema Corridor (Tema / Ashaiman),Restaurants & Fast Food,2,High,Anchor + essential merchants,12150.0,145800.0,Tema Corridor: Good demand generation and order frequency; cluster around dense residential/work nodes.
400,5,4,Tema Corridor (Tema / Ashaiman),Restaurants & Fast Food,2,High,Anchor + essential merchants,12150.0,145800.0,Tema Corridor: Good demand generation and order frequency; cluster around dense residential/work nodes.
401,5,4,Tema Corridor (Tema / Ashaiman),Restaurants & Fast Food,2,High,Anchor + essential merchants,12150.0,145800.0,Tema Corridor: Good demand generation and order frequency; cluster around dense residential/work nodes.
402,5,4,Tema Corridor (Tema / Ashaiman),Restaurants & Fast Food,3,Medium,Anchor + essential merchants,12150.0,145800.0,Tema Corridor: Good demand generation and order frequency; cluster around dense residential/work nodes.
403,5,4,Tema Corridor (Tema / Ashaiman),Restaurants & Fast Food,3,Medium,Anchor + essential merchants,12150.0,145800.0,Tema Corridor: Good demand generation and order frequency; cluster around dense residential/work nodes.
404,5,4,Tema Corridor (Tema / Ashaiman),Restaurants & Fast Food,3,Medium,Anchor + essential merchants,12150.0,145800.0,Tema Corridor: Good demand generation and order frequency; cluster around dense residential/work nodes.
405,5,4,Tema Corridor (Tema / Ashaiman),Restaurants & Fast Food,3,Medium,Anchor + essential merchants,12150.0,145800.0,Tema Corridor: Good demand generation and order frequency; cluster around dense residential/work nodes.
406,5,4,Tema Corridor (Tema / Ashaiman),Restaurants & Fast Food,3,Medium,Anchor + essential merchants,12150.0,145800.0,Tema Corridor: Good demand generation and order frequency; cluster around dense residential/work nodes.
407,5,4,Tema Corridor (Tema / Ashaiman),Restaurants & Fast Food,3,Medium,Anchor + essential merchants,12150.0,145800.0,Tema Corridor: Good demand generation and order frequency; cluster around dense residential/work nodes.
408,5,4,Tema Corridor (Tema / Ashaiman),Restaurants & Fast Food,3,Medium,Anchor + essential merchants,12150.0,145800.0,Tema Corridor: Good demand generation and order frequency; cluster around dense residential/work nodes.
409,5,4,Tema Corridor (Tema / Ashaiman),Restaurants & Fast Food,3,Medium,Anchor + essential merchants,12150.0,145800.0,Tema Corridor: Good demand generation and order frequency; cluster around dense residential/work nodes.
410,5,4,Tema Corridor (Tema / Ashaiman),Restaurants & Fast Food,3,Medium,Anchor + essential merchants,12150.0,145800.0,Tema Corridor: Good demand generation and order frequency; cluster around dense residential/work nodes.
411,5,4,Tema Corridor (Tema / Ashaiman),Restaurants & Fast Food,3,Medium,Anchor + essential merchants,12150.0,145800.0,Tema Corridor: Good demand generation and order frequency; cluster around dense residential/work nodes.
412,5,4,Tema Corridor (Tema / Ashaiman),Restaurants & Fast Food,3,Medium,Anchor + essential merchants,12150.0,145800.0,Tema Corridor: Good demand generation and order frequency; cluster around dense residential/work nodes.
413,5,4,Tema Corridor (Tema / Ashaiman),Restaurants & Fast Food,3,Medium,Anchor + essential merchants,12150.0,145800.0,Tema Corridor: Good demand generation and order frequency; cluster around dense residential/work nodes.
414,5,4,Tema Corridor (Tema / Ashaiman),Restaurants & Fast Food,3,Medium,Anchor + essential merchants,12150.0,145800.0,Tema Corridor: Good demand generation and order frequency; cluster around dense residential/work nodes.
415,5,4,Tema Corridor (Tema / Ashaiman),Restaurants & Fast Food,3,Medium,Anchor + essential merchants,12150.0,145800.0,Tema Corridor: Good demand generation and order frequency; cluster around dense residential/work nodes.
416,5,4,Tema Corridor (Tema / Ashaiman),Baby & Kids,3,Medium,Whitespace fill in residential corridors,9450.0,113400.0,Tema Corridor: Fill underserved family clusters; especially useful in Tema and East corridors.
417,5,4,Tema Corridor (Tema / Ashaiman),Baby & Kids,3,Medium,Whitespace fill in residential corridors,9450.0,113400.0,Tema Corridor: Fill underserved family clusters; especially useful in Tema and East corridors.
418,5,4,Tema Corridor (Tema / Ashaiman),Baby & Kids,3,Medium,Whitespace fill in residential corridors,9450.0,113400.0,Tema Corridor: Fill underserved family clusters; especially useful in Tema and East corridors.
419,5,4,Tema Corridor (Tema / Ashaiman),Baby & Kids,3,Medium,Whitespace fill in residential corridors,9450.0,113400.0,Tema Corridor: Fill underserved family clusters; especially useful in Tema and East corridors.
420,5,4,Tema Corridor (Tema / Ashaiman),Baby & Kids,4,Build Pipeline,Whitespace fill in residential corridors,9450.0,113400.0,Tema Corridor: Fill underserved family clusters; especially useful in Tema and East corridors.
421,5,4,Tema Corridor (Tema / Ashaiman),Baby & Kids,4,Build Pipeline,Whitespace fill in residential corridors,9450.0,113400.0,Tema Corridor: Fill underserved family clusters; especially useful in Tema and East corridors.
422,5,4,Tema Corridor (Tema / Ashaiman),Baby & Kids,4,Build Pipeline,Whitespace fill in residential corridors,9450.0,113400.0,Tema Corridor: Fill underserved family clusters; especially useful in Tema and East corridors.
423,5,4,Tema Corridor (Tema / Ashaiman),Baby & Kids,4,Build Pipeline,Whitespace fill in residential corridors,9450.0,113400.0,Tema Corridor: Fill underserved family clusters; especially useful in Tema and East corridors.
424,5,4,Tema Corridor (Tema / Ashaiman),Baby & Kids,4,Build Pipeline,Whitespace fill in residential corridors,9450.0,113400.0,Tema Corridor: Fill underserved family clusters; especially useful in Tema and East corridors.
425,5,4,Tema Corridor (Tema / Ashaiman),Baby & Kids,4,Build Pipeline,Whitespace fill in residential corridors,9450.0,113400.0,Tema Corridor: Fill underserved family clusters; especially useful in Tema and East corridors.
426,5,4,Tema Corridor (Tema / Ashaiman),Baby & Kids,4,Build Pipeline,Whitespace fill in residential corridors,9450.0,113400.0,Tema Corridor: Fill underserved family clusters; especially useful in Tema and East corridors.
427,5,4,Tema Corridor (Tema / Ashaiman),Bakery,4,Build Pipeline,Whitespace fill in residential corridors,6750.0,81000.0,Tema Corridor: Small basket but useful for daily frequency around dense traffic nodes.
428,5,4,Tema Corridor (Tema / Ashaiman),Bakery,4,Build Pipeline,Whitespace fill in residential corridors,6750.0,81000.0,Tema Corridor: Small basket but useful for daily frequency around dense traffic nodes.
429,5,4,Tema Corridor (Tema / Ashaiman),Bakery,4,Build Pipeline,Whitespace fill in residential corridors,6750.0,81000.0,Tema Corridor: Small basket but useful for daily frequency around dense traffic nodes.
430,6,0,West Corridor (Dansoman / Mallam / Weija),Supermarkets,1,High,Anchor + essential merchants,22425.0,269096.0,West Corridor: High-frequency anchor category; use for basket building and repeat purchase.
431,6,0,West Corridor (Dansoman / Mallam / Weija),Supermarkets,1,High,Anchor + essential merchants,22425.0,269096.0,West Corridor: High-frequency anchor category; use for basket building and repeat purchase.
432,6,0,West Corridor (Dansoman / Mallam / Weija),Supermarkets,1,High,Anchor + essential merchants,22425.0,269096.0,West Corridor: High-frequency anchor category; use for basket building and repeat purchase.
433,6,0,West Corridor (Dansoman / Mallam / Weija),Supermarkets,1,High,Anchor + essential merchants,22425.0,269096.0,West Corridor: High-frequency anchor category; use for basket building and repeat purchase.
434,6,0,West Corridor (Dansoman / Mallam / Weija),Supermarkets,1,High,Anchor + essential merchants,22425.0,269096.0,West Corridor: High-frequency anchor category; use for basket building and repeat purchase.
435,6,0,West Corridor (Dansoman / Mallam / Weija),Supermarkets,1,High,Anchor + essential merchants,22425.0,269096.0,West Corridor: High-frequency anchor category; use for basket building and repeat purchase.
436,6,0,West Corridor (Dansoman / Mallam / Weija),Supermarkets,1,High,Anchor + essential merchants,22425.0,269096.0,West Corridor: High-frequency anchor category; use for basket building and repeat purchase.
437,6,0,West Corridor (Dansoman / Mallam / Weija),Supermarkets,1,High,Anchor + essential merchants,22425.0,269096.0,West Corridor: High-frequency anchor category; use for basket building and repeat purchase.
438,6,0,West Corridor (Dansoman / Mallam / Weija),Supermarkets,1,High,Anchor + essential merchants,22425.0,269096.0,West Corridor: High-frequency anchor category; use for basket building and repeat purchase.
439,6,0,West Corridor (Dansoman / Mallam / Weija),Supermarkets,1,High,Anchor + essential merchants,22425.0,269096.0,West Corridor: High-frequency anchor category; use for basket building and repeat purchase.
440,6,0,West Corridor (Dansoman / Mallam / Weija),Supermarkets,1,High,Anchor + essential merchants,22425.0,269096.0,West Corridor: High-frequency anchor category; use for basket building and repeat purchase.
441,6,0,West Corridor (Dansoman / Mallam / Weija),Supermarkets,1,High,Anchor + essential merchants,22425.0,269096.0,West Corridor: High-frequency anchor category; use for basket building and repeat purchase.
442,6,0,West Corridor (Dansoman / Mallam / Weija),Supermarkets,1,High,Anchor + essential merchants,22425.0,269096.0,West Corridor: High-frequency anchor category; use for basket building and repeat purchase.
443,6,0,West Corridor (Dansoman / Mallam / Weija),Supermarkets,1,High,Anchor + essential merchants,22425.0,269096.0,West Corridor: High-frequency anchor category; use for basket building and repeat purchase.
444,6,0,West Corridor (Dansoman / Mallam / Weija),Electronics & Appliances,1,High,Cluster-fill around proven tech corridors,19435.0,233217.0,West Corridor: High-ticket but slower frequency; onboard selectively in proven demand corridors.
445,6,0,West Corridor (Dansoman / Mallam / Weija),Electronics & Appliances,1,High,Cluster-fill around proven tech corridors,19435.0,233217.0,West Corridor: High-ticket but slower frequency; onboard selectively in proven demand corridors.
446,6,0,West Corridor (Dansoman / Mallam / Weija),Electronics & Appliances,1,High,Cluster-fill around proven tech corridors,19435.0,233217.0,West Corridor: High-ticket but slower frequency; onboard selectively in proven demand corridors.
447,6,0,West Corridor (Dansoman / Mallam / Weija),Electronics & Appliances,1,High,Cluster-fill around proven tech corridors,19435.0,233217.0,West Corridor: High-ticket but slower frequency; onboard selectively in proven demand corridors.
448,6,0,West Corridor (Dansoman / Mallam / Weija),Electronics & Appliances,1,High,Cluster-fill around proven tech corridors,19435.0,233217.0,West Corridor: High-ticket but slower frequency; onboard selectively in proven demand corridors.
449,6,0,West Corridor (Dansoman / Mallam / Weija),Electronics & Appliances,1,High,Cluster-fill around proven tech corridors,19435.0,233217.0,West Corridor: High-ticket but slower frequency; onboard selectively in proven demand corridors.
450,6,0,West Corridor (Dansoman / Mallam / Weija),Electronics & Appliances,1,High,Cluster-fill around proven tech corridors,19435.0,233217.0,West Corridor: High-ticket but slower frequency; onboard selectively in proven demand corridors.
451,6,0,West Corridor (Dansoman / Mallam / Weija),Electronics & Appliances,1,High,Cluster-fill around proven tech corridors,19435.0,233217.0,West Corridor: High-ticket but slower frequency; onboard selectively in proven demand corridors.
452,6,0,West Corridor (Dansoman / Mallam / Weija),Electronics & Appliances,2,High,Cluster-fill around proven tech corridors,19435.0,233217.0,West Corridor: High-ticket but slower frequency; onboard selectively in proven demand corridors.
453,6,0,West Corridor (Dansoman / Mallam / Weija),Electronics & Appliances,2,High,Cluster-fill around proven tech corridors,19435.0,233217.0,West Corridor: High-ticket but slower frequency; onboard selectively in proven demand corridors.
454,6,0,West Corridor (Dansoman / Mallam / Weija),Mobile Phones & Accessories,2,High,Cluster-fill around proven tech corridors,17940.0,215277.0,West Corridor: Strategic fit with telecom footprint and higher GMV per merchant.
455,6,0,West Corridor (Dansoman / Mallam / Weija),Mobile Phones & Accessories,2,High,Cluster-fill around proven tech corridors,17940.0,215277.0,West Corridor: Strategic fit with telecom footprint and higher GMV per merchant.
456,6,0,West Corridor (Dansoman / Mallam / Weija),Mobile Phones & Accessories,2,High,Cluster-fill around proven tech corridors,17940.0,215277.0,West Corridor: Strategic fit with telecom footprint and higher GMV per merchant.
457,6,0,West Corridor (Dansoman / Mallam / Weija),Mobile Phones & Accessories,2,High,Cluster-fill around proven tech corridors,17940.0,215277.0,West Corridor: Strategic fit with telecom footprint and higher GMV per merchant.
458,6,0,West Corridor (Dansoman / Mallam / Weija),Mobile Phones & Accessories,2,High,Cluster-fill around proven tech corridors,17940.0,215277.0,West Corridor: Strategic fit with telecom footprint and higher GMV per merchant.
459,6,0,West Corridor (Dansoman / Mallam / Weija),Mobile Phones & Accessories,2,High,Cluster-fill around proven tech corridors,17940.0,215277.0,West Corridor: Strategic fit with telecom footprint and higher GMV per merchant.
460,6,0,West Corridor (Dansoman / Mallam / Weija),Mobile Phones & Accessories,2,High,Cluster-fill around proven tech corridors,17940.0,215277.0,West Corridor: Strategic fit with telecom footprint and higher GMV per merchant.
461,6,0,West Corridor (Dansoman / Mallam / Weija),Mobile Phones & Accessories,2,High,Cluster-fill around proven tech corridors,17940.0,215277.0,West Corridor: Strategic fit with telecom footprint and higher GMV per merchant.
462,6,0,West Corridor (Dansoman / Mallam / Weija),Mobile Phones & Accessories,2,High,Cluster-fill around proven tech corridors,17940.0,215277.0,West Corridor: Strategic fit with telecom footprint and higher GMV per merchant.
463,6,0,West Corridor (Dansoman / Mallam / Weija),Mobile Phones & Accessories,2,High,Cluster-fill around proven tech corridors,17940.0,215277.0,West Corridor: Strategic fit with telecom footprint and higher GMV per merchant.
464,6,0,West Corridor (Dansoman / Mallam / Weija),Mobile Phones & Accessories,2,High,Cluster-fill around proven tech corridors,17940.0,215277.0,West Corridor: Strategic fit with telecom footprint and higher GMV per merchant.
465,6,0,West Corridor (Dansoman / Mallam / Weija),Computers & Games,2,High,Cluster-fill around proven tech corridors,16445.0,197337.0,West Corridor: Complementary to electronics corridors and student/office catchments.
466,6,0,West Corridor (Dansoman / Mallam / Weija),Computers & Games,2,High,Cluster-fill around proven tech corridors,16445.0,197337.0,West Corridor: Complementary to electronics corridors and student/office catchments.
467,6,0,West Corridor (Dansoman / Mallam / Weija),Computers & Games,2,High,Cluster-fill around proven tech corridors,16445.0,197337.0,West Corridor: Complementary to electronics corridors and student/office catchments.
468,6,0,West Corridor (Dansoman / Mallam / Weija),Computers & Games,2,High,Cluster-fill around proven tech corridors,16445.0,197337.0,West Corridor: Complementary to electronics corridors and student/office catchments.
469,6,0,West Corridor (Dansoman / Mallam / Weija),Computers & Games,2,High,Cluster-fill around proven tech corridors,16445.0,197337.0,West Corridor: Complementary to electronics corridors and student/office catchments.
470,6,0,West Corridor (Dansoman / Mallam / Weija),Pharmacy & Health,2,High,Anchor + essential merchants,14950.0,179398.0,West Corridor: Very underrepresented in current map; strong convenience and repeat demand driver.
471,6,0,West Corridor (Dansoman / Mallam / Weija),Pharmacy & Health,2,High,Anchor + essential merchants,14950.0,179398.0,West Corridor: Very underrepresented in current map; strong convenience and repeat demand driver.
472,6,0,West Corridor (Dansoman / Mallam / Weija),Pharmacy & Health,2,High,Anchor + essential merchants,14950.0,179398.0,West Corridor: Very underrepresented in current map; strong convenience and repeat demand driver.
473,6,0,West Corridor (Dansoman / Mallam / Weija),Pharmacy & Health,3,Medium,Anchor + essential merchants,14950.0,179398.0,West Corridor: Very underrepresented in current map; strong convenience and repeat demand driver.
474,6,0,West Corridor (Dansoman / Mallam / Weija),Pharmacy & Health,3,Medium,Anchor + essential merchants,14950.0,179398.0,West Corridor: Very underrepresented in current map; strong convenience and repeat demand driver.
475,6,0,West Corridor (Dansoman / Mallam / Weija),Pharmacy & Health,3,Medium,Anchor + essential merchants,14950.0,179398.0,West Corridor: Very underrepresented in current map; strong convenience and repeat demand driver.
476,6,0,West Corridor (Dansoman / Mallam / Weija),Pharmacy & Health,3,Medium,Anchor + essential merchants,14950.0,179398.0,West Corridor: Very underrepresented in current map; strong convenience and repeat demand driver.
477,6,0,West Corridor (Dansoman / Mallam / Weija),Pharmacy & Health,3,Medium,Anchor + essential merchants,14950.0,179398.0,West Corridor: Very underrepresented in current map; strong convenience and repeat demand driver.
478,6,0,West Corridor (Dansoman / Mallam / Weija),Pharmacy & Health,3,Medium,Anchor + essential merchants,14950.0,179398.0,West Corridor: Very underrepresented in current map; strong convenience and repeat demand driver.
479,6,0,West Corridor (Dansoman / Mallam / Weija),Pharmacy & Health,3,Medium,Anchor + essential merchants,14950.0,179398.0,West Corridor: Very underrepresented in current map; strong convenience and repeat demand driver.
480,6,0,West Corridor (Dansoman / Mallam / Weija),Restaurants & Fast Food,3,Medium,Anchor + essential merchants,13455.0,161458.0,West Corridor: Good demand generation and order frequency; cluster around dense residential/work nodes.
481,6,0,West Corridor (Dansoman / Mallam / Weija),Restaurants & Fast Food,3,Medium,Anchor + essential merchants,13455.0,161458.0,West Corridor: Good demand generation and order frequency; cluster around dense residential/work nodes.
482,6,0,West Corridor (Dansoman / Mallam / Weija),Restaurants & Fast Food,3,Medium,Anchor + essential merchants,13455.0,161458.0,West Corridor: Good demand generation and order frequency; cluster around dense residential/work nodes.
483,6,0,West Corridor (Dansoman / Mallam / Weija),Restaurants & Fast Food,3,Medium,Anchor + essential merchants,13455.0,161458.0,West Corridor: Good demand generation and order frequency; cluster around dense residential/work nodes.
484,6,0,West Corridor (Dansoman / Mallam / Weija),Restaurants & Fast Food,3,Medium,Anchor + essential merchants,13455.0,161458.0,West Corridor: Good demand generation and order frequency; cluster around dense residential/work nodes.
485,6,0,West Corridor (Dansoman / Mallam / Weija),Auto & More,3,Medium,Selective specialist sourcing,13455.0,161458.0,West Corridor: Niche but valuable in transport corridors; keep targeted rather than broad.
486,6,0,West Corridor (Dansoman / Mallam / Weija),Auto & More,3,Medium,Selective specialist sourcing,13455.0,161458.0,West Corridor: Niche but valuable in transport corridors; keep targeted rather than broad.
487,6,0,West Corridor (Dansoman / Mallam / Weija),Auto & More,3,Medium,Selective specialist sourcing,13455.0,161458.0,West Corridor: Niche but valuable in transport corridors; keep targeted rather than broad.
488,6,0,West Corridor (Dansoman / Mallam / Weija),Auto & More,3,Medium,Selective specialist sourcing,13455.0,161458.0,West Corridor: Niche but valuable in transport corridors; keep targeted rather than broad.
489,6,0,West Corridor (Dansoman / Mallam / Weija),Auto & More,3,Medium,Selective specialist sourcing,13455.0,161458.0,West Corridor: Niche but valuable in transport corridors; keep targeted rather than broad.
490,6,0,West Corridor (Dansoman / Mallam / Weija),Auto & More,3,Medium,Selective specialist sourcing,13455.0,161458.0,West Corridor: Niche but valuable in transport corridors; keep targeted rather than broad.
491,6,0,West Corridor (Dansoman / Mallam / Weija),Home & Office,4,Build Pipeline,Whitespace fill in residential corridors,11960.0,143518.0,West Corridor: Useful fill category for mixed-use corridors; add where electronics already convert.
492,6,0,West Corridor (Dansoman / Mallam / Weija),Home & Office,4,Build Pipeline,Whitespace fill in residential corridors,11960.0,143518.0,West Corridor: Useful fill category for mixed-use corridors; add where electronics already convert.
493,6,0,West Corridor (Dansoman / Mallam / Weija),Home & Office,4,Build Pipeline,Whitespace fill in residential corridors,11960.0,143518.0,West Corridor: Useful fill category for mixed-use corridors; add where electronics already convert.
494,6,0,West Corridor (Dansoman / Mallam / Weija),Home & Office,4,Build Pipeline,Whitespace fill in residential corridors,11960.0,143518.0,West Corridor: Useful fill category for mixed-use corridors; add where electronics already convert.
495,6,0,West Corridor (Dansoman / Mallam / Weija),Home & Office,4,Build Pipeline,Whitespace fill in residential corridors,11960.0,143518.0,West Corridor: Useful fill category for mixed-use corridors; add where electronics already convert.
496,6,0,West Corridor (Dansoman / Mallam / Weija),Home & Office,4,Build Pipeline,Whitespace fill in residential corridors,11960.0,143518.0,West Corridor: Useful fill category for mixed-use corridors; add where electronics already convert.
497,6,0,West Corridor (Dansoman / Mallam / Weija),Home & Office,4,Build Pipeline,Whitespace fill in residential corridors,11960.0,143518.0,West Corridor: Useful fill category for mixed-use corridors; add where electronics already convert.
498,6,0,West Corridor (Dansoman / Mallam / Weija),Home & Office,4,Build Pipeline,Whitespace fill in residential corridors,11960.0,143518.0,West Corridor: Useful fill category for mixed-use corridors; add where electronics already convert.
499,6,0,West Corridor (Dansoman / Mallam / Weija),Home & Office,4,Build Pipeline,Whitespace fill in residential corridors,11960.0,143518.0,West Corridor: Useful fill category for mixed-use corridors; add where electronics already convert.
500,6,0,West Corridor (Dansoman / Mallam / Weija),Baby & Kids,4,Build Pipeline,Whitespace fill in residential corridors,10465.0,125578.0,West Corridor: Fill underserved family clusters; especially useful in Tema and East corridors.
